Trade ID,System,Action,Ticker,Entry date, Entry price , Qty ,Commission,Exit date,Exit price,PL
917,MRIDV3L,L,ARCB,01/04/2022,78.09,17,2.008712,01/04/2022,75,-54.54
918,MRIDV3S,S,CALM,01/04/2022,57,23,2.009676,01/04/2022,58.7,-41.11
919,TMR,L,CTIC,01/04/2022,4.29,410,4.163065,05/04/2022,4.67,151.64
920,MRIDV3S,S,CUTR,01/04/2022,71.2,19,2.009369,01/04/2022,72.31,-23.1
921,MRIDV3L,L,HZO,01/04/2022,39.05,34,2.011165,01/04/2022,38.9,-7.11
922,MRIDV3S,S,IRTC,01/04/2022,166.98,8,2.007853,01/04/2022,162.67,32.47
923,TMR,L,MATX,01/04/2022,117,15,2.01,06/04/2022,91.93,-378.06
924,MRIDV3S,S,NFE,01/04/2022,44.01,30,2.010634,01/04/2022,44.92,-29.31
925,MRIDV3L,L,SAIA,01/04/2022,235.5,6,2.007932,01/04/2022,233.72,-12.69
926,MRIDV3L,L,ACIW,04/04/2022,29.31,45,2.012648,04/04/2022,29.62,11.94
927,TMR,L,ATSG,04/04/2022,31.6,56,2.02,07/04/2022,29.03,-145.94
928,WPUL,L,CVS,04/04/2022,100.49,35,2.021766,02/05/2022,96.45,-143.42
929,WPUL,L,HCA,04/04/2022,250.38,14,2.016708,25/04/2022,208.52,-588.06
930,MRIDV3L,L,JBHT,04/04/2022,176.02,7,2.007234,04/04/2022,177.13,5.76
931,MRIDV3S,S,MMI,04/04/2022,57.42,23,2.009725,04/04/2022,55.97,31.34
932,WPUL,L,MTB,04/04/2022,165,21,2.020914,04/05/2022,169.78,98.36
933,MRIDV3S,S,NFE,04/04/2022,48.71,27,2.010217,04/04/2022,48.29,9.33
934,MRIDV3S,S,NVCR,04/04/2022,89.98,15,2.008833,04/04/2022,89.9,-0.81
935,TMR,L,SEAS,04/04/2022,69.69,25,2.01,07/04/2022,63.96,-145.26
936,MRIDV3L,L,SNDR,04/04/2022,22.7,58,2.014269,04/04/2022,22.75,0.89
937,MRIDV3S,S,TR,04/04/2022,38.07,35,2.011345,04/04/2022,36.98,36.14
938,MRIDV3L,L,ACIW,05/04/2022,28.59,46,2.012722,05/04/2022,28.74,4.89
939,MRIDV3S,S,BE,05/04/2022,27.01,49,2.01312,05/04/2022,25.07,93.05
940,TMR,L,GBX,05/04/2022,47.95,37,2.013052,08/04/2022,43.68,-160
941,MRIDV3L,L,HUBG,05/04/2022,66.42,20,2.009308,05/04/2022,65.76,-15.21
942,TMR,L,IMTE,05/04/2022,25.3,35,2.006919,08/04/2022,13.27,-423.06
943,MRIDV3L,L,JBHT,05/04/2022,171.55,8,2.008102,05/04/2022,173.08,10.23
944,MRIDV3L,L,KNX,05/04/2022,45.26,29,2.010488,05/04/2022,45.42,2.63
945,MRIDV3L,L,R,05/04/2022,70.92,19,2.009032,05/04/2022,67.72,-62.81
946,MRIDV3L,L,SNDR,05/04/2022,22.16,60,2.014633,05/04/2022,22.33,8.19
947,TMR,L,TECK,05/04/2022,38.94,45,2.01502,08/04/2022,39.96,43.88
948,MRIDV3L,L,THC,05/04/2022,80.42,16,2.00861,05/04/2022,80.02,-8.41
949,MRIDV3S,S,TWTR,05/04/2022,53.8,25,2.01011,05/04/2022,50.98,68.49
950,MRIDV3L,L,XPO,05/04/2022,67.17,20,2.009219,05/04/2022,64.89,-47.61
951,MRIDV3L,L,CSTL,06/04/2022,36.33,36,2.01,06/04/2022,35.71,-24.33
952,MRIDV3S,S,HURN,06/04/2022,49.57,27,2.01,06/04/2022,49.3,5.28
953,MRIDV3L,L,ICHR,06/04/2022,30.93,43,2.01,06/04/2022,30.39,-25.23
954,TMR,L,IRTC,06/04/2022,150.22,12,2.010827,08/04/2022,151.42,12.39
955,MRIDV3L,L,LSCC,06/04/2022,52.92,25,2.01,06/04/2022,52.47,-13.26
956,MRIDV3L,L,MPWR,06/04/2022,425.71,3,2.01,06/04/2022,431.25,14.61
957,MRIDV3L,L,MXL,06/04/2022,50.82,26,2.01,06/04/2022,47.94,-76.89
958,MRIDV3L,L,NVAX,06/04/2022,61.36,22,2.01,06/04/2022,62.44,21.75
959,MRIDV3L,L,ON,06/04/2022,53.95,24,2.01,06/04/2022,53.78,-6.09
960,MRIDV3L,L,PI,06/04/2022,54.97,24,1,06/04/2022,53.24,-42.52
961,TMR,L,PSTG,06/04/2022,32.32,54,2.015511,11/04/2022,30.83,-82.48
962,MRIDV3L,L,SAVA,06/04/2022,28.81,46,2.01,06/04/2022,29.2,15.93
963,MRIDV3L,L,SYNA,06/04/2022,174.39,8,2.01,06/04/2022,172.62,-16.17
964,MRIDV3S,S,AVAV,07/04/2022,103.22,13,2.01,07/04/2022,104.15,-14.1
965,MRIDV3S,S,IPI,07/04/2022,97.26,14,2.01,07/04/2022,101.78,-65.29
966,TMR,L,IVT,07/04/2022,29.76,1,0.599382,11/04/2022,29.81,-0.55
967,MRIDV3L,L,SAVA,07/04/2022,26.71,49,2.01,07/04/2022,28.05,63.65
968,MRIDV3S,S,SMPL,07/04/2022,41.51,32,2.01,07/04/2022,42.29,-26.97
969,MRIDV3S,S,ANDE,08/04/2022,53.8,24,2.009705,08/04/2022,54,-6.81
970,MRIDV3L,L,CSTL,08/04/2022,33.01,40,2.011881,08/04/2022,32.75,-12.41
971,MRIDV3S,S,DDS,08/04/2022,275.74,5,2.007681,08/04/2022,276.23,-4.46
972,MRIDV3S,S,IPI,08/04/2022,107.24,12,2.008123,08/04/2022,106.91,1.95
973,MRIDV3S,S,TGT,08/04/2022,233.56,6,2.007927,08/04/2022,233.34,-0.69
974,MRIDV3S,S,VIVO,08/04/2022,28.5,46,2.012666,08/04/2022,27.79,30.65
975,MRIDV3S,S,WOW,08/04/2022,20.47,64,2.015001,08/04/2022,21.044,-38.75
976,WPUL,L,AVGO,11/04/2022,582.58,6,2.018583,04/05/2022,581.79,-6.76
977,WPUL,L,BXP,11/04/2022,123.13,29,2.02165,04/05/2022,120.89,-66.98
978,MRIDV3S,S,CACC,11/04/2022,579.15,2,2.006167,11/04/2022,559.15,37.99
979,MRIDV3L,L,CSTL,11/04/2022,30.97,42,2.012083,11/04/2022,30.92,-4.11
980,WPUL,L,HST,11/04/2022,17.7,197,2.046106,25/04/2022,20.4,529.85
981,MRIDV3L,L,LSCC,11/04/2022,49.33,27,2.010281,11/04/2022,49.17,-6.33
982,MRIDV3L,L,LYFT,11/04/2022,32.42,41,2.012297,11/04/2022,33.32,34.89
983,MRIDV3L,L,MPWR,11/04/2022,399.04,3,2.00645,11/04/2022,396.11,-10.8
984,MRIDV3L,L,NVDA,11/04/2022,221.93,6,2.007425,11/04/2022,217.15,-30.69
985,WPUL,L,RHI,11/04/2022,109.9,32,2.020635,28/04/2022,100.95,-288.42
986,MRIDV3L,L,SITM,11/04/2022,179.63,7,2.00755,11/04/2022,185.99,42.51
987,WPUL,L,UNP,11/04/2022,240.91,15,2.019794,04/05/2022,233.27,-116.62
988,MRIDV3S,S,AVAV,12/04/2022,111.3,12,2.008372,12/04/2022,108.51,31.47
989,MRIDV3S,S,AVD,12/04/2022,22.29,59,2.014378,12/04/2022,21.88,22.18
990,MRIDV3S,S,BOX,12/04/2022,30.68,43,2.012318,12/04/2022,30.52,4.87
991,MRIDV3L,L,CCXI,12/04/2022,21.16,62,2.014751,12/04/2022,21.16,-2.01
992,MRIDV3L,L,CSTL,12/04/2022,29.02,45,2.012196,12/04/2022,27.65,-63.66
993,MRIDV3S,S,PING,12/04/2022,29.12,45,2.012533,12/04/2022,28.89,8.34
994,MRIDV3S,S,VRNS,12/04/2022,49.38,27,2.01031,12/04/2022,48.05,33.9
995,TMR,L,BRCC,13/04/2022,26.19,67,2.016344,19/04/2022,22.34,-259.97
996,MRIDV3S,S,RYI,13/04/2022,37.64,35,2.011269,13/04/2022,39.7,-74.11
997,MRIDV3S,S,TMST,13/04/2022,22.29,59,2.014377,13/04/2022,22.61,-20.89
998,MRIDV3S,S,CENX,14/04/2022,27.07,49,2.013135,14/04/2022,27.41,-18.67
999,MRIDV3L,L,CTLT,14/04/2022,97.87,14,2.008769,14/04/2022,97.32,-9.71
1000,MRIDV3S,S,NCLH,14/04/2022,22.09,60,2.01456,14/04/2022,21.64,24.99
1001,MRIDV3S,S,RYI,14/04/2022,40.85,32,2.010828,14/04/2022,41,-6.81
1002,MRIDV3L,L,CPRT,18/04/2022,114.85,11,2.007956,18/04/2022,116.33,14.27
1003,MRIDV3S,S,EGLE,18/04/2022,70.96,19,2.009346,18/04/2022,70.85,0.08
1004,MRIDV3S,S,GNK,18/04/2022,25.7,51,2.013315,18/04/2022,25.56,5.13
1005,MRIDV3S,S,IPI,18/04/2022,119.07,11,2.00811,18/04/2022,119.5,-6.74
1006,MRIDV3S,S,KALU,18/04/2022,102.69,13,2.008498,18/04/2022,101.53,13.07
1007,MRIDV3L,L,MDGL,18/04/2022,77.13,17,2.008845,18/04/2022,76.53,-12.21
1008,MRIDV3L,L,QTRX,18/04/2022,24.74,53,2.013648,18/04/2022,25,11.77
1009,MRIDV3L,L,STOK,18/04/2022,19.36,68,2.015388,18/04/2022,18.88,-34.66
1010,MRIDV3L,L,STT,18/04/2022,73.83,18,2.009168,18/04/2022,74.38,7.89
1011,TMR,L,TENB,18/04/2022,58.35,60,3.026821,20/04/2022,62.16,225.57
1012,TMR,L,ZETA,18/04/2022,12.05,292,3.516337,20/04/2022,12.34,81.16
1013,MRIDV3S,S,CAR,20/04/2022,294.78,5,2.008167,20/04/2022,319.42,-125.21
1014,MRIDV3S,S,PRCT,20/04/2022,39.16,34,2.01121,20/04/2022,38.54,19.07
1015,MRIDV3S,S,SIBN,20/04/2022,22.74,59,2.014513,20/04/2022,22.22,28.67
1016,MRIDV3S,S,SMCI,20/04/2022,46.13,29,2.010593,20/04/2022,45.05,29.31
1017,MRIDV3S,S,STER,20/04/2022,27.09,49,2.013139,20/04/2022,27.5,-22.1
1018,MRIDV3L,L,CHGG,21/04/2022,28.85,47,2.012819,21/04/2022,27.99,-42.43
1019,MRIDV3L,L,FB,21/04/2022,194.33,7,2.007624,21/04/2022,188.07,-45.83
1020,TMR,L,GRIN,21/04/2022,25.73,70,2.017522,26/04/2022,22.14,-253.32
1021,TMR,L,MOS,21/04/2022,72.04,25,2.011509,26/04/2022,65.22,-172.51
1022,MRIDV3L,L,MTCH,21/04/2022,81.45,16,2.008417,21/04/2022,77.66,-62.65
1023,MRIDV3L,L,PYPL,21/04/2022,91.71,15,2.008789,21/04/2022,89.4,-36.66
1024,MRIDV3S,S,SGRY,21/04/2022,63.14,21,2.009492,21/04/2022,60.14,60.99
1025,MRIDV3L,L,SPOT,21/04/2022,117.06,11,2.007748,21/04/2022,112.62,-50.85
1026,MRIDV3S,S,THC,21/04/2022,91.35,15,2.008938,21/04/2022,86.67,68.19
1027,MRIDV3S,S,XPOF,21/04/2022,24.86,54,2.013867,21/04/2022,24.55,14.73
1028,MRIDV3L,L,AA,22/04/2022,68.03,20,2.009472,22/04/2022,67.37,-15.21
1029,TMR,L,CMC,22/04/2022,41.52,43,2,26/04/2022,41.59,1.01
1030,MRIDV3L,L,GSHD,22/04/2022,53.45,25,2.010097,22/04/2022,53.7,4.24
1031,MRIDV3L,L,TREE,22/04/2022,89.69,15,2.008758,22/04/2022,88.99,-12.51
1032,TMR,L,UAN,22/04/2022,148.58,12,1,27/04/2022,149.55,10.64
1033,MRIDV3L,L,AA,25/04/2022,63.53,21,2.009945,25/04/2022,67.37,78.63
1034,TMR,L,ADM,25/04/2022,89.34,20,1,27/04/2022,92.5,62.2
1035,MRIDV3L,L,CENX,25/04/2022,19.55,67,2.015595,25/04/2022,20.15,38.18
1036,TMR,L,CTVA,25/04/2022,56.03,31,2,26/04/2022,57.24,35.51
1037,TMR,L,RYI,25/04/2022,35.89,49,1,27/04/2022,36.69,38.2
1038,TMR,L,SLCA,25/04/2022,17.34,101,2,26/04/2022,18.17,81.83
1039,TMR,L,STLD,25/04/2022,84.94,21,2,26/04/2022,89.09,85.15
1040,TMR,L,TH,25/04/2022,5.9,297,3.018016,28/04/2022,6.21,89.05
1041,MRIDV3L,L,CRL,26/04/2022,242.4,5,2.01,26/04/2022,231.67,-55.66
1042,MRIDV3L,L,GKOS,26/04/2022,53.51,25,2.01,26/04/2022,52.93,-16.51
1043,MRIDV3L,L,NOTV,26/04/2022,19.6,67,2.01,26/04/2022,17.28,-157.45
1044,MRIDV3L,L,SYNH,26/04/2022,68.29,19,2.01,26/04/2022,67.33,-20.25
1045,TMR,L,TRVI,26/04/2022,2.9,605,6.142845,28/04/2022,2.98,42.26
1046,MRIDV3L,L,CVNA,27/04/2022,64.93,20,1,27/04/2022,65.74,15.2
1047,TMR,S,GRIN,27/04/2022,23.59,70,1.02,28/04/2022,25.91,-163.42
1048,MRIDV3L,L,HSII,27/04/2022,30.9,42,1,27/04/2022,32.03,46.46
1049,TMR,S,MOS,27/04/2022,64.78,25,1.01,28/04/2022,64.73,0.24
1050,MRIDV3L,L,RCUS,27/04/2022,24.45,53,1,27/04/2022,24.98,27.09
1051,MRIDV3L,L,SWAV,27/04/2022,162.84,8,1,27/04/2022,161.5,-11.72
1052,MRIDV3L,L,CYRX,28/04/2022,21.79,60,2.014918,28/04/2022,23.26,86.19
1053,MRIDV3S,S,DDS,28/04/2022,304.5,4,2.006732,28/04/2022,307.96,-15.85
1054,MRIDV3L,L,NARI,28/04/2022,74.55,17,2.008798,28/04/2022,75.99,22.47
1055,MRIDV3L,L,OPRX,28/04/2022,28.29,46,2.012828,28/04/2022,29.19,39.39
1056,MRIDV3L,L,TWST,28/04/2022,28.63,92,4.02613,28/04/2022,30.2,140.41
1057,MRIDV3L,L,BA,02/05/2022,144.04,9,2.007991,02/05/2022,148.61,39.12
1058,TMR,L,IRT,02/05/2022,26.55,66,2.017554,04/05/2022,26.66,5.24
1059,TMR,L,PEP,02/05/2022,168.01,10,2.010128,05/05/2022,173.1,48.89
1060,TMR,L,WM,02/05/2022,159.55,11,2.010351,04/05/2022,159.02,-7.84
1061,MRIDV3S,S,CAR,03/05/2022,305.37,4,2.00675,03/05/2022,285.28,78.35
1062,MRIDV3S,S,EVH,03/05/2022,29.39,44,2.012315,03/05/2022,28.82,23.07
1063,MRIDV3S,S,GFF,03/05/2022,23.26,56,2.013923,03/05/2022,22.94,15.91
1064,MRIDV3S,S,PRCT,03/05/2022,38.59,34,2.011112,03/05/2022,37.01,51.71
1065,MICROREV,L,ASC,04/05/2022,6.48,269,2.734423,04/05/2022,6.89,107.56
1066,MRIDV3L,L,BFAM,04/05/2022,105.04,25,2.016094,04/05/2022,100.74,-109.52
1067,MRIDV3S,S,BXC,04/05/2022,83,33,2.018259,04/05/2022,98.39,-509.89
1068,MRIDV3L,L,CWST,04/05/2022,74.8,35,2.018245,04/05/2022,76.72,65.18
1069,MRIDV3L,L,GH,04/05/2022,50.97,51,2.02125,04/05/2022,56.21,265.22
1070,MRIDV3S,S,GTLS,04/05/2022,179.99,15,2.015719,04/05/2022,185.79,-89.02
1071,MRIDV3S,S,HOG,04/05/2022,39.82,66,2.021983,04/05/2022,41.06,-83.86
1072,MRIDV3L,L,HZNP,04/05/2022,89.25,28,2.017302,04/05/2022,95.67,177.74
1073,MRIDV3L,L,KYMR,04/05/2022,21.12,124,2.030058,04/05/2022,22.04,112.05
1074,MRIDV3S,S,LPX,04/05/2022,74.23,35,2.0178,04/05/2022,77.9,-130.47
1075,MRIDV3S,S,WIRE,04/05/2022,127.28,21,2.016362,04/05/2022,134.08,-144.82
1076,MRIDV3L,L,BFAM,05/05/2022,92.44,28,2.016769,05/05/2022,91.94,-16.02
1077,MICROREV,L,CASA,05/05/2022,4.48,361,3.664589,05/05/2022,4.16,-119.18
1078,MRIDV3L,L,EXPE,05/05/2022,137.12,19,2.015988,05/05/2022,139.5,43.2
1079,MRIDV3L,L,FRPT,05/05/2022,72.41,36,2.017334,05/05/2022,68.92,-127.66
1080,MICROREV,L,ORN,05/05/2022,2.67,653,6.623782,05/05/2022,2.67,-6.62
1081,MRIDV3L,L,PCRX,05/05/2022,64.97,40,2.018242,05/05/2022,63.93,-43.62
1082,MICROREV,L,EWCZ,06/05/2022,26.71,65,2.016704,06/05/2022,24.9,-119.67
1083,MICROREV,L,EXPR,06/05/2022,3.8,459,4.658706,06/05/2022,3.86,22.88
1084,MICROREV,L,EYES,06/05/2022,1.66,"1,050.00",10.645523,06/05/2022,1.685,15.6
1085,MRIDV3L,L,LYFT,06/05/2022,19.6,133,2.031202,06/05/2022,20.51,119
1086,MRIDV3L,L,NVRO,06/05/2022,52.63,50,2.019482,06/05/2022,50.91,-88.02
1087,MRIDV3L,L,PEN,06/05/2022,145.48,18,2.016116,06/05/2022,150.07,80.6
1088,MRIDV3L,L,RPD,06/05/2022,72.49,36,2.018101,06/05/2022,73.1,19.94
1089,TMR,L,VICI,06/05/2022,28.86,40,2.01103,09/05/2022,28.58,-13.21
1090,MRIDV3L,L,W,06/05/2022,59.46,44,2.020569,06/05/2022,66.17,293.22
1091,MRIDV3L,L,ARVN,09/05/2022,40.82,61,2.01992,09/05/2022,38.54,-141.1
1092,MICROREV,L,BBIG,09/05/2022,2.91,599,6.076729,09/05/2022,2.9,-12.07
1093,MRIDV3L,L,CERE,09/05/2022,24.03,109,2.0265,09/05/2022,22.18,-203.68
1094,MRIDV3L,L,GBT,09/05/2022,24.93,105,2.026325,09/05/2022,23.67,-134.33
1095,MICROREV,L,GPRE,09/05/2022,29.15,60,2.016518,09/05/2022,28.49,-41.62
1096,MRIDV3S,S,MYE,09/05/2022,24.07,109,2.027551,09/05/2022,23.26,86.26
1097,MRIDV3L,L,NARI,09/05/2022,57.52,45,2.018541,09/05/2022,55.3,-101.92
1098,MRIDV3L,L,NVRO,09/05/2022,47.01,56,2.019701,09/05/2022,43.49,-199.14
1099,MRIDV3L,L,TTD,09/05/2022,45.48,58,2.020848,09/05/2022,44.99,-30.44
1100,TMR,L,BECN,10/05/2022,59.86,19,2.008331,11/05/2022,60.48,9.77
1101,TMR,L,CC,10/05/2022,37.17,31,2.010088,11/05/2022,38.32,33.64
1102,TMR,L,HDSN,10/05/2022,7.89,147,2.02504,11/05/2022,7.91,0.91
1103,MRIDV3L,L,INTA,11/05/2022,20.36,128,2.029402,11/05/2022,19.55,-105.71
1104,MRIDV3L,L,LAW,11/05/2022,21.06,124,2.029128,11/05/2022,20.57,-62.79
1105,MRIDV3L,L,SI,11/05/2022,75.36,35,2.017315,11/05/2022,71.51,-136.77
1106,MICROREV,L,TIVC,11/05/2022,1.65,"1,057.00",10.715927,11/05/2022,1.58,-84.71
1107,MRIDV3L,L,U,11/05/2022,32.33,64,2.01821,11/05/2022,30.3,-131.94
1108,MRIDV3L,L,BYND,12/05/2022,20.85,110,2.077477,12/05/2022,25.08,463.22
1109,MICROREV,L,GLRE,12/05/2022,7.31,239,2.461297,12/05/2022,7.35,7.1
1110,MRIDV3S,S,HRB,12/05/2022,29.46,89,2.071612,12/05/2022,30.45,-90.18
1111,MRIDV3L,L,MSTR,12/05/2022,140.69,19,2.07695,12/05/2022,171.18,577.23
1112,MICROREV,L,RLGT,12/05/2022,6.28,278,2.856183,12/05/2022,6.29,-0.08
1113,MRIDV3L,L,SI,12/05/2022,62.65,42,2.066727,12/05/2022,63.7,42.03
1114,MRIDV3S,S,CAL,13/05/2022,24.92,105,2.07357,13/05/2022,24.6,31.53
1115,MRIDV3S,S,DDS,13/05/2022,328.99,8,2.061311,13/05/2022,323.69,40.34
1116,MRIDV3S,S,HRB,13/05/2022,31.37,83,2.070418,13/05/2022,32.31,-79.94
1117,MRIDV3S,S,OC,13/05/2022,94.14,28,2.064003,13/05/2022,93.22,23.7
1118,MRIDV3S,S,TMDX,13/05/2022,27.09,97,2.072785,13/05/2022,29.21,-207.71
1119,MRIDV3S,S,EGLE,16/05/2022,67.61,39,2.065452,16/05/2022,67,21.72
1120,MRIDV3S,S,HRB,16/05/2022,33.28,79,2.070477,16/05/2022,32.59,52.44
1121,MICROREV,L,NDLS,16/05/2022,5.76,303,3.107622,16/05/2022,5.51,-78.86
1122,MRIDV3L,L,TWTR,16/05/2022,38.58,68,2.067064,16/05/2022,37.39,-82.99
1123,MRIDV3S,S,AMCX,18/05/2022,41.83,63,2.068538,18/05/2022,41.07,45.81
1124,MICROREV,L,ATEN,18/05/2022,15,116,2.054368,18/05/2022,14.79,-26.41
1125,MICROREV,L,BZH,18/05/2022,15.19,115,2.053951,18/05/2022,14.81,-45.75
1126,MICROREV,L,CABA,18/05/2022,1.72,"1,014.00",10.30967,18/05/2022,1.63,-101.57
1127,MICROREV,L,EOLS,18/05/2022,13.44,130,2.053606,18/05/2022,12.33,-146.35
1128,MRIDV3S,S,KALU,18/05/2022,106.8,24,2.061818,18/05/2022,101.24,131.38
1129,MICROREV,L,OIS,18/05/2022,7.16,244,2.511895,18/05/2022,7.19,4.81
1130,MRIDV3S,S,TMST,18/05/2022,22.41,117,2.075253,18/05/2022,21.19,140.66
1131,MRIDV3L,L,WMT,18/05/2022,127.5,21,2.061607,18/05/2022,122.43,-108.53
1132,MRIDV3L,L,BBWI,19/05/2022,40.24,64,2.066988,19/05/2022,40.03,-15.51
1133,MICROREV,L,GPRE,19/05/2022,32.43,54,2.047989,19/05/2022,33.13,35.75
1134,MRIDV3L,L,KSS,19/05/2022,40.61,64,2.074331,19/05/2022,45.04,281.45
1135,TMR,L,POST,19/05/2022,75.79,15,2.02,23/05/2022,78.52,38.93
1136,MICROREV,L,TCRX,19/05/2022,2.96,1,0.06175,19/05/2022,3.05,0.03
1137,MICROREV,L,BMEA,23/05/2022,5.6,311,3.191238,23/05/2022,5.73,37.24
1138,MICROREV,L,IMMX,23/05/2022,1.97,885,9.008623,23/05/2022,2.15,150.29
1139,MICROREV,L,RCMT,23/05/2022,21.43,81,2.049872,23/05/2022,21.21,-19.87
1140,MRIDV3L,L,ANF,24/05/2022,18.83,104,2.058985,24/05/2022,19.09,24.98
1141,MICROREV,L,CAMP,24/05/2022,6.25,279,2.867224,24/05/2022,6.41,41.77
1142,MICROREV,L,HNRG,24/05/2022,4.13,422,4.316269,24/05/2022,4.285,61.09
1143,TMR,L,RCMT,24/05/2022,19.15,61,2.035463,25/05/2022,19.71,32.12
1144,TMR,L,SIGA,24/05/2022,8.92,130,2.043246,25/05/2022,8.85,-11.14
1145,MRIDV3L,L,TGT,24/05/2022,147.26,18,2.064149,24/05/2022,149.95,46.36
1146,MRIDV3L,L,ASO,25/05/2022,25.2,103,2.086675,25/05/2022,31.07,602.52
1147,MRIDV3S,S,CRMT,25/05/2022,104.3,25,2.062962,25/05/2022,109.72,-137.56
1148,MRIDV3S,S,ABG,26/05/2022,184.72,14,2.061041,26/05/2022,178.83,80.4
1149,MRIDV3S,S,AN,26/05/2022,118.23,22,2.062424,26/05/2022,118.36,-4.92
1150,MRIDV3S,S,AVAV,26/05/2022,89.57,29,2.063254,26/05/2022,90.05,-15.98
1151,MRIDV3S,S,CELH,26/05/2022,66,40,2.065656,26/05/2022,65.84,4.33
1152,MICROREV,L,ELEV,26/05/2022,3.68,474,4.837983,26/05/2022,3.35,-161.26
1153,MRIDV3S,S,GRBK,26/05/2022,23.75,110,2.074126,26/05/2022,23.94,-22.97
1154,MICROREV,L,TRKA,26/05/2022,0.87,"2,004.00",20.344117,26/05/2022,0.95,139.98
1155,MRIDV3S,S,DRVN,27/05/2022,29.39,89,2.07147,27/05/2022,29.39,-2.07
1156,MRIDV3S,S,DXC,27/05/2022,35.23,74,2.069321,27/05/2022,35.08,9.03
1157,MRIDV3S,S,KLAC,27/05/2022,363.04,7,2.059105,27/05/2022,371.27,-59.67
1158,MRIDV3S,S,LTHM,27/05/2022,32.27,81,2.070388,27/05/2022,34.49,-181.89
1159,MRIDV3S,S,MAR,27/05/2022,176.04,15,2.062419,27/05/2022,172.56,50.14
1160,MICROREV,L,ORC,27/05/2022,3.08,566,5.773112,27/05/2022,3.05,-22.75
1161,MRIDV3S,S,ELF,31/05/2022,26.92,97,2.072407,31/05/2022,26.62,27.03
1162,MRIDV3S,S,PLAB,31/05/2022,21.92,119,2.075204,31/05/2022,21.74,19.34
1163,MICROREV,L,TFFP,31/05/2022,5.63,310,3.180338,31/05/2022,5.64,-0.08
1164,MRIDV3L,L,BMRN,01/06/2022,73.55,36,2.065991,01/06/2022,74.37,27.45
1165,MICROREV,L,NDLS,01/06/2022,6.23,280,2.874936,01/06/2022,6.01,-64.47
1166,MICROREV,L,NNBR,01/06/2022,2.64,660,6.725701,01/06/2022,2.64,-6.73
1167,TMR,L,SGML,01/06/2022,14.41,81,2.039058,02/06/2022,15.38,76.53
1168,MRIDV3S,S,VC,01/06/2022,116.26,22,2.061432,01/06/2022,113,69.66
1169,MICROREV,L,EPM,02/06/2022,7.34,236,2.431807,02/06/2022,7.61,61.29
1170,MRIDV3S,S,MRCY,02/06/2022,63.47,41,2.064922,02/06/2022,63.49,-2.88
1171,MRIDV3S,S,NFE,03/06/2022,50.27,52,2.066622,03/06/2022,49.44,41.09
1172,MICROREV,L,ABUS,06/06/2022,2.5,697,7.101471,06/06/2022,2.56,34.72
1173,MICROREV,L,ACER,06/06/2022,2.54,686,6.984997,06/06/2022,2.28,-185.34
1174,MRIDV3S,S,ATKR,06/06/2022,119.8,22,2.063215,06/06/2022,122.84,-68.94
1175,MRIDV3S,S,DDS,06/06/2022,333.68,8,2.06217,06/06/2022,334.68,-10.06
1176,MICROREV,L,EEX,06/06/2022,3.33,524,5.348319,06/06/2022,3.35,5.13
1177,MRIDV3S,S,FNKO,06/06/2022,22.1,118,2.075059,06/06/2022,21.42,78.16
1178,MICROREV,L,MNMD,06/06/2022,0.95,"1,835.00",18.62942,06/06/2022,0.9726,22.84
1179,TMR,L,MYPS,06/06/2022,5.69,204,2.093709,07/06/2022,5.82,24.43
1180,MRIDV3S,S,PWR,06/06/2022,134.57,20,2.064233,06/06/2022,131.4,61.34
1181,MRIDV3S,S,SLVM,06/06/2022,53,49,2.065841,06/06/2022,50.71,110.14
1182,MICROREV,L,AXTI,07/06/2022,5.92,46,2.0123,07/06/2022,6,1.67
1183,TMR,L,DHX,07/06/2022,6.31,185,2.04,08/06/2022,6.06,-48.29
1184,TMR,L,PRCT,07/06/2022,37.15,31,2.03,08/06/2022,38.28,33
1185,MRIDV3S,S,OLLI,08/06/2022,53.07,49,2.06592,08/06/2022,53.38,-17.26
1186,MRIDV3S,S,PRVA,08/06/2022,27.42,96,2.07276,08/06/2022,26.95,43.05
1187,MRIDV3L,L,VIRT,08/06/2022,22.98,114,2.076613,08/06/2022,23.67,76.58
1188,TMR,L,AIR,09/06/2022,48.46,24,2.028968,10/06/2022,47.03,-36.35
1189,MRIDV3L,L,ARE,09/06/2022,153.25,17,2.060788,09/06/2022,150.47,-49.32
1190,MRIDV3L,L,EHC,09/06/2022,58.84,45,2.065959,09/06/2022,58.33,-25.02
1191,MRIDV3L,L,GNK,09/06/2022,23.02,114,2.07382,09/06/2022,22.6,-49.95
1192,MRIDV3L,L,MATX,09/06/2022,80.37,33,2.065955,09/06/2022,81.6,38.52
1193,TMR,L,NFE,09/06/2022,47.21,25,2.028406,10/06/2022,43.94,-83.78
1194,MRIDV3L,L,SAFE,09/06/2022,40.18,65,2.067216,09/06/2022,39.48,-47.57
1195,MICROREV,L,AUVI,10/06/2022,2.26,772,7.869153,10/06/2022,2.76,378.13
1196,MICROREV,L,BJDX,10/06/2022,1.36,"1,283.00",13.032928,10/06/2022,1.23,-179.82
1197,TMR,L,CANG,10/06/2022,2.78,379,3.8647,13/06/2022,2.93,52.99
1198,MRIDV3L,L,CLF,10/06/2022,19.96,131,2.075948,10/06/2022,19.64,-44
1199,TMR,L,CYXT,10/06/2022,13.35,87,2.037051,13/06/2022,12.92,-39.45
1200,MRIDV3L,L,KALU,10/06/2022,91.41,29,2.064618,10/06/2022,91.625,4.17
1201,MICROREV,L,KTTA,10/06/2022,1.07,"1,631.00",16.560127,10/06/2022,1.02,-98.11
1202,MRIDV3L,L,MEG,10/06/2022,33.67,78,2.072996,10/06/2022,35.19,116.49
1203,MRIDV3L,L,NVCR,10/06/2022,69.07,38,2.065375,10/06/2022,69.45,12.37
1204,MICROREV,L,OLMA,10/06/2022,3.9,447,4.572177,10/06/2022,4.305,176.46
1205,MICROREV,L,ORIC,10/06/2022,4.2,415,4.24415,10/06/2022,4.23,8.21
1206,MICROREV,L,PHX,10/06/2022,4.36,400,4.094136,10/06/2022,4.6,91.91
1207,MRIDV3L,L,RCL,10/06/2022,47.82,55,2.064772,10/06/2022,45.75,-115.91
1208,TMR,L,RFP,10/06/2022,14.98,78,2.036129,13/06/2022,14.55,-35.58
1209,MRIDV3L,L,STLD,10/06/2022,74.75,35,2.063965,10/06/2022,74.13,-23.76
1210,MRIDV3L,L,AA,13/06/2022,49.98,52,2.066109,13/06/2022,49.84,-9.35
1211,MICROREV,L,CFRX,13/06/2022,3.78,464,4.735278,13/06/2022,3.29,-232.1
1212,MICROREV,L,CLNN,13/06/2022,3.2,548,5.590017,13/06/2022,3.09,-65.87
1213,TMR,L,CNSL,13/06/2022,7.55,155,2.04528,14/06/2022,7.08,-74.9
1214,TMR,L,CTIC,13/06/2022,5.3,220,2.254697,14/06/2022,5.18,-28.65
1215,TMR,L,CTT,13/06/2022,10.59,110,2.040371,14/06/2022,10.35,-28.44
1216,MRIDV3L,L,DOMO,13/06/2022,26.08,101,2.070328,13/06/2022,24.73,-138.42
1217,TMR,L,DZSI,13/06/2022,16.98,69,2.035152,14/06/2022,16.57,-30.33
1218,MRIDV3L,L,EBIX,13/06/2022,24.54,107,2.09,13/06/2022,23.72,-89.83
1219,MRIDV3L,L,EXAS,13/06/2022,38.73,68,2.066892,13/06/2022,37.28,-100.67
1220,TMR,L,KRO,13/06/2022,18.02,65,2.035764,14/06/2022,18.35,19.41
1221,TMR,L,MOD,13/06/2022,11.19,104,2.039741,14/06/2022,11.01,-20.76
1222,MICROREV,L,RADI,13/06/2022,15.51,113,2.053945,13/06/2022,15.17,-40.47
1223,TMR,L,RCMT,13/06/2022,21.38,55,2.035287,14/06/2022,22.34,50.76
1224,MRIDV3L,L,RNG,13/06/2022,51.63,51,2.065375,13/06/2022,50.3,-69.9
1225,MRIDV3L,L,SQ,13/06/2022,66.5,39,2.061121,13/06/2022,62.76,-147.92
1226,TMR,L,ACLX,14/06/2022,17.94,64,2.03344,15/06/2022,17.14,-53.23
1227,MRIDV3S,S,TMDX,14/06/2022,26.69,97,2.071896,14/06/2022,27.29,-60.27
1228,MRIDV3S,S,FDX,15/06/2022,238.45,11,2.061496,15/06/2022,232.78,60.31
1229,MRIDV3L,L,HOV,15/06/2022,43.34,60,2.07018,15/06/2022,45.4,121.53
1230,MRIDV3L,L,CC,16/06/2022,34.04,76,2.068192,16/06/2022,33.505,-42.73
1231,MICROREV,L,CHS,16/06/2022,5.3,327,3.352123,16/06/2022,5.29,-6.62
1232,MRIDV3L,L,GRBK,16/06/2022,18.95,137,2.072713,16/06/2022,17.5,-200.72
1233,MRIDV3L,L,HHC,16/06/2022,62.75,41,2.062725,16/06/2022,61.13,-68.48
1234,MRIDV3L,L,HUN,16/06/2022,28.93,90,2.070212,16/06/2022,28.39,-50.67
1235,MICROREV,L,ONDS,16/06/2022,6.76,256,2.63203,16/06/2022,6.61,-41.03
1236,MICROREV,L,PBYI,16/06/2022,2.7,641,6.532082,16/06/2022,2.64,-44.99
1237,MRIDV3L,L,SHW,16/06/2022,219.27,12,2.061727,16/06/2022,218.95,-5.9
1238,MRIDV3L,L,SIX,16/06/2022,22.16,117,2.069305,16/06/2022,20.19,-232.56
1239,MRIDV3L,L,TSE,16/06/2022,38.11,68,2.066425,16/06/2022,36.98,-78.91
1240,MICROREV,L,AMLX,21/06/2022,16.28,105,2.057195,21/06/2022,18.11,190.09
1241,MRIDV3S,S,AZPN,21/06/2022,193.65,13,2.05934,21/06/2022,197.75,-55.36
1242,MRIDV3S,S,GME,21/06/2022,141.72,18,2.060757,21/06/2022,140.28,23.86
1243,MRIDV3S,S,PRVA,21/06/2022,29.51,87,2.070103,21/06/2022,29.25,20.55
1244,MRIDV3S,S,SHEN,21/06/2022,24.02,107,2.072766,21/06/2022,24.35,-37.38
1245,MRIDV3L,L,SLVM,21/06/2022,37.16,69,2.067228,21/06/2022,36.87,-22.08
1246,MRIDV3S,S,VIVO,21/06/2022,29.26,88,2.070405,21/06/2022,29,20.81
1247,MRIDV3L,L,BECN,22/06/2022,47.52,53,2.064929,22/06/2022,47.82,13.84
1248,MRIDV3L,L,BIPC,22/06/2022,40.59,64,2.06819,22/06/2022,40.85,14.57
1249,MRIDV3L,L,BLD,22/06/2022,151.53,17,2.061664,22/06/2022,152.72,18.17
1250,MRIDV3L,L,ENOV,22/06/2022,54.59,47,2.065586,22/06/2022,55.26,29.42
1251,MICROREV,L,HCTI,22/06/2022,1.05,"1,637.00",16.625171,22/06/2022,1.13,114.33
1252,MRIDV3S,S,TMDX,22/06/2022,29.52,87,2.070123,22/06/2022,28.98,44.91
1253,MRIDV3S,S,UFCS,22/06/2022,35.22,73,2.068367,22/06/2022,34.79,29.32
1254,MRIDV3L,L,WLK,22/06/2022,94.58,27,2.063065,22/06/2022,96.32,44.92
1255,MICROREV,L,ZYXI,22/06/2022,7.48,230,2.366348,22/06/2022,6.92,-131.17
1256,MRIDV3L,L,CAT,23/06/2022,183.99,14,2.059102,23/06/2022,178.67,-76.54
1257,MRIDV3S,S,CRMT,23/06/2022,100.46,26,2.063194,23/06/2022,99.73,16.92
1258,MRIDV3L,L,DAR,23/06/2022,62.71,41,2.062978,23/06/2022,61.4,-55.77
1259,MRIDV3L,L,FCX,23/06/2022,30.2,86,2.069415,23/06/2022,29.57,-56.25
1260,MRIDV3L,L,HGV,23/06/2022,34.71,74,2.068863,23/06/2022,34.96,16.43
1261,MRIDV3L,L,MAR,23/06/2022,132.82,19,2.060364,23/06/2022,133.06,2.5
1262,MICROREV,L,REV,23/06/2022,6.97,247,2.542836,23/06/2022,7.2,54.27
1263,MRIDV3S,S,SLP,23/06/2022,48.16,54,2.066575,23/06/2022,48.7,-31.23
1264,MRIDV3S,S,SWAV,23/06/2022,185.98,14,2.061445,23/06/2022,186.02,-2.62
1265,MICROREV,L,BSGM,24/06/2022,0.84,"1,869.00",18.964518,24/06/2022,0.7371,-211.28
1266,MRIDV3S,S,CERT,24/06/2022,23.05,112,2.073679,24/06/2022,22.54,55.05
1267,MICROREV,L,CNTX,24/06/2022,2.16,796,8.10176,24/06/2022,2.1,-55.86
1268,MRIDV3S,S,FDP,24/06/2022,26.54,97,2.071563,24/06/2022,27.45,-90.34
1269,MRIDV3S,S,FNKO,24/06/2022,25.05,103,2.072475,24/06/2022,24.16,89.6
1270,MRIDV3S,S,IIIV,24/06/2022,25.82,100,2.072128,24/06/2022,25.89,-9.07
1271,MICROREV,L,MMAT,24/06/2022,1.76,977,9.923187,24/06/2022,1.17,-586.35
1272,MRIDV3S,S,QLYS,24/06/2022,134.53,19,2.061003,24/06/2022,136.52,-39.87
1273,MRIDV3S,S,CHEF,27/06/2022,40.39,63,2.066461,27/06/2022,40.58,-14.04
1274,MRIDV3S,S,CVLG,27/06/2022,26.59,96,2.070936,27/06/2022,25.78,75.69
1275,MRIDV3S,S,DXPE,27/06/2022,30.81,83,2.06935,27/06/2022,31.03,-20.33
1276,MICROREV,L,EYES,27/06/2022,2.21,770,7.838364,27/06/2022,2.17,-38.64
1277,MICROREV,L,GRTS,27/06/2022,2.57,663,6.75688,27/06/2022,2.68,66.17
1278,MICROREV,L,MRSN,27/06/2022,4.75,358,3.666547,27/06/2022,4.88,42.87
1279,MRIDV3S,S,PLAB,27/06/2022,21.05,121,2.074057,27/06/2022,21.4,-44.42
1280,MRIDV3S,S,RGP,27/06/2022,21.17,121,2.07439,27/06/2022,21.12,3.98
1281,MICROREV,L,SCOR,27/06/2022,1.93,81,2.01411,27/06/2022,1.93,-2.01
1282,MICROREV,L,AXTI,28/06/2022,6.05,282,2.894826,28/06/2022,5.91,-42.37
1283,MICROREV,L,CDAK,28/06/2022,3.68,54,2.011682,28/06/2022,3.77,2.85
1284,MICROREV,L,IMVT,28/06/2022,4.07,419,4.28333,28/06/2022,4.05,-12.66
1285,TMR,L,LI,28/06/2022,36.48,31,2.029799,29/06/2022,36.3,-7.61
1286,MICROREV,L,APRN,29/06/2022,3.29,518,5.288265,29/06/2022,3.45,77.59
1287,MICROREV,L,CNCE,29/06/2022,4.53,376,3.846249,29/06/2022,4.34,-75.29
1288,MICROREV,L,ORIC,29/06/2022,4.48,380,3.888559,29/06/2022,4.5,3.71
1289,MICROREV,L,PRDO,29/06/2022,11.52,148,2.058317,29/06/2022,11.53,-0.58
1290,MICROREV,L,PRPH,29/06/2022,12.32,138,2.055831,29/06/2022,11.99,-47.6
1291,TMR,L,RGP,29/06/2022,19.23,59,2.033408,30/06/2022,19.05,-12.65
1292,MICROREV,L,SBEV,29/06/2022,2.5,658,6.712101,29/06/2022,3.09,381.51
1293,MICROREV,L,AGEN,30/06/2022,1.93,886,9.014541,30/06/2022,1.94,-0.15
1294,MICROREV,L,AKUS,30/06/2022,4.49,381,3.90045,30/06/2022,4.69,72.3
1295,MRIDV3L,L,VCTR,30/06/2022,23.49,109,2.074326,30/06/2022,24.1,64.42
1296,MRIDV3S,S,AGYS,01/07/2022,48.82,53,2.066143,01/07/2022,49.25,-24.86
1297,TMR,L,CLPT,01/07/2022,12.25,93,2.038136,05/07/2022,12.23,-3.9
1298,MRIDV3L,L,DDS,01/07/2022,209.58,12,2.059268,01/07/2022,210,2.98
1299,MRIDV3L,L,DELL,01/07/2022,45.14,57,2.063199,01/07/2022,42.74,-138.86
1300,MRIDV3L,L,GFS,01/07/2022,38.51,67,2.068256,01/07/2022,38.81,18.03
1301,MRIDV3L,L,JWN,01/07/2022,20.27,127,2.076886,01/07/2022,20.76,60.15
1302,MRIDV3L,L,NEM,01/07/2022,58.19,44,2.067355,01/07/2022,61.17,129.05
1303,MRIDV3S,S,SAVE,01/07/2022,24.48,105,2.072512,01/07/2022,24.55,-9.42
1304,MRIDV3S,S,AGTI,05/07/2022,22.3,115,2.073677,05/07/2022,22.05,26.68
1305,MRIDV3S,S,DUOL,05/07/2022,98.72,26,2.062158,05/07/2022,99.25,-15.84
1306,MRIDV3L,L,EGLE,05/07/2022,45.41,57,2.067245,05/07/2022,45.84,22.44
1307,MRIDV3S,S,FNKO,05/07/2022,24.48,105,2.072512,05/07/2022,24.47,-1.02
1308,MRIDV3L,L,KLIC,05/07/2022,37.74,68,2.070069,05/07/2022,39.32,105.37
1309,MRIDV3S,S,OLLI,05/07/2022,62.85,41,2.06434,05/07/2022,66.26,-141.87
1310,MRIDV3L,L,ON,05/07/2022,45.16,57,2.069151,05/07/2022,47.3,119.91
1311,MRIDV3L,L,SITM,05/07/2022,136.43,19,2.063963,05/07/2022,141.33,91.04
1312,MRIDV3L,L,VSAT,05/07/2022,26.91,96,2.074475,05/07/2022,28.2,121.77
1313,MRIDV3L,L,AMR,06/07/2022,104.42,25,2.065177,06/07/2022,108.17,91.68
1314,MRIDV3L,L,AMRK,06/07/2022,26.28,98,2.07376,06/07/2022,27.19,87.11
1315,MRIDV3S,S,BMBL,06/07/2022,33.96,76,2.068984,06/07/2022,33.52,31.37
1316,MRIDV3L,L,EGLE,06/07/2022,43.48,59,2.065132,06/07/2022,42.53,-58.12
1317,MRIDV3L,L,FRG,06/07/2022,30.12,86,2.069691,06/07/2022,29.71,-37.33
1318,MRIDV3S,S,OSH,06/07/2022,22.74,113,2.073534,06/07/2022,22.14,65.73
1319,MICROREV,L,PGEN,06/07/2022,1.45,"1,186.00",12.053833,06/07/2022,1.46,-0.19
1320,MRIDV3S,S,PYCR,06/07/2022,28.4,91,2.071013,06/07/2022,27.44,85.29
1321,MRIDV3S,S,AXNX,07/07/2022,65.01,40,2.064749,07/07/2022,62.66,91.94
1322,MRIDV3S,S,AGL,08/07/2022,26.64,97,2.071785,08/07/2022,26.7,-7.89
1323,MRIDV3S,S,DUOL,08/07/2022,109.92,24,2.063532,08/07/2022,110.09,-6.14
1324,MRIDV3S,S,NFE,08/07/2022,41.49,62,2.066968,08/07/2022,41.74,-17.57
1325,MICROREV,L,BCEL,11/07/2022,2.34,738,7.514641,11/07/2022,2.29,-44.41
1326,TMR,L,KURA,11/07/2022,17.92,64,2.03429,12/07/2022,17.72,-14.83
1327,MICROREV,L,SRNE,11/07/2022,2.59,666,6.784556,11/07/2022,2.49,-73.38
1328,MRIDV3L,L,WDFC,11/07/2022,168.21,15,2.059284,11/07/2022,166.91,-21.56
1329,MRIDV3L,L,DOCN,12/07/2022,36.56,71,2.071762,12/07/2022,38.46,132.83
1330,MICROREV,L,PRPH,12/07/2022,13.81,125,2.053463,12/07/2022,13,-103.3
1331,MRIDV3L,L,CMPR,13/07/2022,26.6,97,2.073029,13/07/2022,27.2,56.13
1332,MRIDV3S,S,ECPG,13/07/2022,65.58,39,2.063639,13/07/2022,65.83,-11.81
1333,MRIDV3L,L,HUBS,13/07/2022,259.78,10,2.063137,13/07/2022,270.03,100.44
1334,MRIDV3L,L,PKI,13/07/2022,136.03,19,2.062118,13/07/2022,137.09,18.08
1335,MRIDV3L,L,TNDM,13/07/2022,53.14,49,2.067524,13/07/2022,54.5,64.57
1336,MRIDV3L,L,WK,13/07/2022,61.44,42,2.065563,13/07/2022,62.49,42.03
1337,MRIDV3L,L,AVTR,14/07/2022,28.12,92,2.071309,14/07/2022,28.17,2.53
1338,TMR,L,CI,14/07/2022,265.6,4,2.025162,15/07/2022,269.02,11.65
1339,MRIDV3S,S,EVH,14/07/2022,31.5,82,2.069811,14/07/2022,31.6,-10.27
1340,MRIDV3S,S,GME,14/07/2022,150.8,17,2.060917,14/07/2022,136.2,246.14
1341,MRIDV3L,L,HELE,14/07/2022,128.93,20,2.06007,14/07/2022,125.48,-71.06
1342,MRIDV3L,L,MANH,14/07/2022,108.66,24,2.062999,14/07/2022,108.95,4.9
1343,MRIDV3L,L,NEOG,14/07/2022,21.46,121,2.075609,14/07/2022,21.61,16.07
1344,MRIDV3L,L,SPB,14/07/2022,73.39,35,2.062899,14/07/2022,72.8,-22.71
1345,MICROREV,L,BMRA,15/07/2022,3.09,550,5.608151,15/07/2022,2.91,-104.61
1346,MRIDV3S,S,CCRN,15/07/2022,25.67,101,2.072502,15/07/2022,26.14,-49.54
1347,MRIDV3S,S,CLFD,15/07/2022,76.77,34,2.064193,15/07/2022,75.43,43.5
1348,MICROREV,L,CRBU,15/07/2022,6.83,254,2.614667,15/07/2022,7.16,81.21
1349,MRIDV3S,S,IIIV,15/07/2022,25.84,101,2.072894,15/07/2022,26.23,-41.46
1350,MRIDV3S,S,IRTC,15/07/2022,143.02,18,2.061292,15/07/2022,143.82,-16.46
1351,MRIDV3L,L,MRVI,15/07/2022,24.37,107,2.07502,15/07/2022,24.94,58.91
1352,MRIDV3S,S,QCOM,15/07/2022,145.28,18,2.062224,15/07/2022,144.37,14.32
1353,MRIDV3S,S,ADTN,18/07/2022,20.84,125,2.075905,18/07/2022,21.4,-72.08
1354,MICROREV,L,CAPR,18/07/2022,4.78,362,3.703369,18/07/2022,4.38,-148.5
1355,MRIDV3S,S,DOCS,18/07/2022,44.65,58,2.066844,18/07/2022,43.77,48.97
1356,MRIDV3L,L,MCY,18/07/2022,41.98,62,2.067138,18/07/2022,41.61,-25.01
1357,MRIDV3S,S,NTRA,18/07/2022,47.52,55,2.067001,18/07/2022,43.58,214.63
1358,MRIDV3S,S,AMR,19/07/2022,143.26,18,2.061392,19/07/2022,143.53,-6.92
1359,MRIDV3S,S,CVLG,19/07/2022,29.04,89,2.070755,19/07/2022,29.27,-22.54
1360,MICROREV,L,ETON,19/07/2022,2.85,608,6.196354,19/07/2022,2.68,-109.56
1361,MICROREV,L,VIEW,19/07/2022,1.78,973,9.897488,19/07/2022,1.84,48.48
1362,MRIDV3S,S,CYRX,20/07/2022,34.95,74,2.068846,20/07/2022,36.3,-101.97
1363,MRIDV3S,S,MLI,20/07/2022,63.17,41,2.06464,20/07/2022,62.55,23.36
1364,MRIDV3S,S,MYGN,20/07/2022,23.33,111,2.073732,20/07/2022,25.31,-221.85
1365,MRIDV3S,S,PLAB,20/07/2022,21.14,123,2.075535,20/07/2022,21.56,-53.74
1366,MRIDV3S,S,XPEL,20/07/2022,58.36,44,2.064524,20/07/2022,61.96,-160.46
1367,MRIDV3S,S,ACLS,21/07/2022,66.91,39,2.064827,21/07/2022,66.55,11.98
1368,MICROREV,L,APLD,21/07/2022,2.07,819,8.338669,21/07/2022,2.25,139.08
1369,MRIDV3S,S,CALX,21/07/2022,46.48,56,2.066886,21/07/2022,47.2,-42.39
1370,MRIDV3S,S,CELH,21/07/2022,83.92,31,2.063605,21/07/2022,85.08,-38.02
1371,MRIDV3L,L,IBM,21/07/2022,126.06,20,2.060835,21/07/2022,127.15,19.74
1372,MRIDV3S,S,MASS,21/07/2022,21.93,118,2.074599,21/07/2022,21.76,17.99
1373,MICROREV,L,PAVM,21/07/2022,1.13,"1,522.00",15.456548,21/07/2022,1.11,-45.9
1374,MRIDV3S,S,PRCT,21/07/2022,37.62,69,2.068413,21/07/2022,38.98,-95.91
1375,TMR,L,PRPH,21/07/2022,12.29,93,2.033792,22/07/2022,10.19,-197.33
1376,MICROREV,L,URG,21/07/2022,1.1,"1,564.00",15.882717,21/07/2022,1.1,-15.88
1377,MICROREV,L,AQST,22/07/2022,0.93,"1,845.00",18.728319,22/07/2022,0.9105,-54.71
1378,MICROREV,L,BNGO,22/07/2022,1.82,943,9.591892,22/07/2022,1.82,-9.59
1379,MRIDV3L,L,IIIN,22/07/2022,32.23,80,2.068932,22/07/2022,31.95,-24.47
1380,MRIDV3S,S,JWN,22/07/2022,25.21,102,2.072146,22/07/2022,23.54,168.27
1381,MICROREV,L,MRIN,22/07/2022,1.79,958,9.744029,22/07/2022,1.8,-0.16
1382,MICROREV,L,PLXP,22/07/2022,2.66,645,6.571662,22/07/2022,2.56,-71.07
1383,MICROREV,L,SMFR,22/07/2022,1.59,"1,079.00",10.970299,22/07/2022,1.62,21.4
1384,MRIDV3S,S,TSLA,22/07/2022,840.19,3,2.058111,22/07/2022,816.73,68.32
1385,MICROREV,L,USX,22/07/2022,3.37,509,5.1965,22/07/2022,3.46,40.61
1386,MICROREV,L,VLD,22/07/2022,2.82,122,2.024018,22/07/2022,2.92,10.18
1387,MICROREV,L,VTGN,22/07/2022,0.21,"1,845.00",8.878385,22/07/2022,0.1499,-119.76
1388,MICROREV,L,ZYNE,22/07/2022,1.2,"1,430.00",14.525196,22/07/2022,1.2,-14.53
1389,MICROREV,L,CURO,25/07/2022,6.92,248,2.551199,25/07/2022,6.86,-17.43
1390,TMR,L,KRUS,25/07/2022,71.36,16,2.028153,26/07/2022,71.16,-5.23
1391,TMR,L,PLRX,25/07/2022,17.03,67,2.035744,26/07/2022,17.62,37.49
1392,TMR,L,RYTM,25/07/2022,11.46,100,2.03993,26/07/2022,11.76,27.96
1393,MRIDV3S,S,SCHL,25/07/2022,42.71,60,2.066484,25/07/2022,42.98,-18.27
1394,MRIDV3S,S,UFPI,25/07/2022,86.81,30,2.063538,25/07/2022,87.63,-26.66
1395,MRIDV3S,S,CF,26/07/2022,92.32,28,2.062836,26/07/2022,90.4,51.7
1396,MRIDV3L,L,DORM,26/07/2022,102.41,25,2.061851,26/07/2022,102.36,-3.31
1397,MRIDV3S,S,CALX,27/07/2022,52.96,49,2.065796,27/07/2022,55.08,-105.95
1398,MRIDV3S,S,NARI,27/07/2022,77.11,33,2.062562,27/07/2022,76.76,9.49
1399,MICROREV,L,RCAT,27/07/2022,2.09,821,8.356212,27/07/2022,2.1,-0.15
1400,MRIDV3S,S,BRP,28/07/2022,26.53,97,2.071541,28/07/2022,26.81,-29.23
1401,MICROREV,L,BWV,28/07/2022,2.63,597,6.088214,28/07/2022,2.97,196.89
1402,MRIDV3S,S,LTHM,28/07/2022,25.28,102,2.072309,28/07/2022,24.25,102.99
1403,MICROREV,L,LXRX,28/07/2022,2.62,570,5.805427,28/07/2022,2.4,-131.21
1404,MRIDV3S,S,MYGN,28/07/2022,26.54,97,2.071564,28/07/2022,26.46,5.69
1405,MICROREV,L,NAT,28/07/2022,2.43,706,7.190905,28/07/2022,2.42,-14.25
1406,MICROREV,L,RBBN,28/07/2022,3.5,490,5.000729,28/07/2022,3.3,-103
1407,MRIDV3S,S,TSLA,28/07/2022,847.01,3,2.05858,28/07/2022,842.7,10.87
1408,MRIDV3S,S,WIRE,28/07/2022,135.99,19,2.061639,28/07/2022,136.78,-17.07
1409,MRIDV3L,L,CMCSA,29/07/2022,38.16,67,2.066277,29/07/2022,37.52,-44.95
1410,MRIDV3S,S,EXLS,29/07/2022,168,15,2.059658,29/07/2022,168.37,-7.61
1411,MRIDV3S,S,FCFS,29/07/2022,73.87,35,2.063757,29/07/2022,73.26,19.29
1412,MRIDV3S,S,HRI,29/07/2022,122.69,21,2.061732,29/07/2022,124.02,-29.99
1413,MRIDV3S,S,HTZ,29/07/2022,21.14,122,2.074921,29/07/2022,21.42,-36.23
1414,MRIDV3S,S,NTGR,29/07/2022,25.72,100,2.071899,29/07/2022,25.78,-8.07
1415,MRIDV3L,L,SWK,29/07/2022,94.72,27,2.063689,29/07/2022,97.33,68.41
1416,MRIDV3L,L,ALBO,01/08/2022,19.85,130,0.920709,01/08/2022,19.53,-42.52
1417,MRIDV3L,L,ALKS,01/08/2022,24.91,103,0.742788,01/08/2022,25.17,26.04
1418,MICROREV,L,HLX,01/08/2022,3.81,450,3.341416,01/08/2022,3.94,55.16
1419,MRIDV3S,S,SNBR,01/08/2022,46.87,55,0.739197,01/08/2022,46.67,10.26
1420,MICROREV,L,STRN,01/08/2022,1.75,188,1.255372,01/08/2022,1.85,17.54
1421,MRIDV3S,S,TSLA,01/08/2022,915.56,3,0.762303,01/08/2022,891.83,70.43
1422,MRIDV3S,S,DUOL,03/08/2022,102.95,25,0.750203,03/08/2022,104.57,-41.25
1423,MRIDV3S,S,FIVN,03/08/2022,115.71,22,0.750669,03/08/2022,115.8,-2.73
1424,MRIDV3S,S,SI,03/08/2022,99.26,26,0.768194,03/08/2022,95.8,89.19
1425,MRIDV3S,S,SITM,03/08/2022,206.12,12,0.752716,03/08/2022,209.51,-41.43
1426,MRIDV3S,S,WING,03/08/2022,130.02,20,0.752663,03/08/2022,129.91,1.45
1427,MRIDV3L,L,AGTI,04/08/2022,20.04,129,1.005168,04/08/2022,19.95,-12.62
1428,MRIDV3L,L,AIZ,04/08/2022,150.58,17,0.766949,04/08/2022,156.24,95.45
1429,MRIDV3S,S,GME,04/08/2022,39.08,66,0.78136,04/08/2022,38.36,46.74
1430,MRIDV3L,L,MCY,04/08/2022,33.77,76,0.782018,04/08/2022,32.42,-103.38
1431,TMR,L,PGY,04/08/2022,20.67,55,0.723177,05/08/2022,21.05,20.18
1432,MRIDV3S,S,PI,04/08/2022,95.11,27,0.74933,04/08/2022,95.02,1.68
1433,MRIDV3S,S,PTLO,04/08/2022,24.97,103,0.742317,04/08/2022,25.79,-85.2
1434,MRIDV3L,L,SCI,04/08/2022,64.8,40,0.773053,04/08/2022,64.78,-1.57
1435,MRIDV3S,S,TMDX,04/08/2022,41.26,62,0.736155,04/08/2022,41.21,2.36
1436,MICROREV,L,WATT,04/08/2022,1.27,"1,352.00",9.010655,04/08/2022,1.29,18.03
1437,MRIDV3S,S,ZI,04/08/2022,46.44,55,0.738655,04/08/2022,46.66,-12.84
1438,MRIDV3L,L,BALL,05/08/2022,56.54,45,0.773443,05/08/2022,56.36,-8.87
1439,MRIDV3S,S,BE,05/08/2022,23.7,108,0.850811,05/08/2022,24.1,-44.05
1440,MRIDV3S,S,CFLT,05/08/2022,33.68,76,0.731011,05/08/2022,33.73,-4.53
1441,MRIDV3L,L,CSGS,05/08/2022,54.37,47,0.742353,05/08/2022,55.03,30.28
1442,MRIDV3S,S,EPAM,05/08/2022,427.9,6,0.761288,05/08/2022,427.39,2.3
1443,MRIDV3S,S,LMND,05/08/2022,24.11,107,0.843937,05/08/2022,24.07,3.44
1444,MRIDV3L,L,SPNS,05/08/2022,21.41,120,0.855821,05/08/2022,21.69,32.74
1445,TMR,L,SURG,05/08/2022,6.22,184,1.302106,08/08/2022,6.18,-8.66
1446,MRIDV3S,S,TMDX,05/08/2022,43.6,59,0.737592,05/08/2022,48.78,-306.36
1447,MRIDV3S,S,AFRM,08/08/2022,35.14,73,0.732248,08/08/2022,34.9,16.79
1448,MRIDV3S,S,AMC,08/08/2022,24.06,107,1.047114,08/08/2022,25.83,-190.44
1449,MICROREV,L,AXDX,08/08/2022,1.9,900,6.008522,08/08/2022,1.79,-105.01
1450,MRIDV3S,S,BYND,08/08/2022,41.64,62,0.736695,08/08/2022,39.31,143.72
1451,MRIDV3S,S,CROX,08/08/2022,76.52,34,0.747513,08/08/2022,74.14,80.17
1452,TMR,L,LCTX,08/08/2022,1.62,704,4.278611,09/08/2022,1.55,-53.56
1453,MRIDV3S,S,LTHM,08/08/2022,25.93,99,0.791971,08/08/2022,26,-7.72
1454,MICROREV,L,OSG,08/08/2022,2.52,679,5.019437,08/08/2022,2.5,-18.6
1455,MRIDV3S,S,SPT,08/08/2022,63.8,40,0.744155,08/08/2022,64.26,-19.14
1456,MRIDV3L,L,AOSL,09/08/2022,37.25,69,0.73,09/08/2022,35.64,-111.82
1457,MICROREV,L,APLT,09/08/2022,1.33,"1,284.00",8.55,09/08/2022,1.14,-252.51
1458,MRIDV3L,L,ARW,09/08/2022,110.97,23,0.77,09/08/2022,107.7,-75.98
1459,MICROREV,L,ATOS,09/08/2022,1.01,"1,691.00",14.2,09/08/2022,0.9796,-65.61
1460,MICROREV,L,BNGO,09/08/2022,2.3,742,4.96,09/08/2022,2.26,-34.64
1461,MICROREV,L,BODY,09/08/2022,1.31,"1,256.00",12.01,09/08/2022,1.31,-12.01
1462,MRIDV3L,L,CG,09/08/2022,34.47,74,0.73,09/08/2022,34.12,-26.63
1463,MICROREV,L,CKPT,09/08/2022,1.28,"1,334.00",8.89,09/08/2022,1.2,-115.61
1464,MICROREV,L,CLVR,09/08/2022,0.98,"1,743.00",18.35,09/08/2022,0.9904,-0.22
1465,MICROREV,L,CTXR,09/08/2022,0.97,"1,761.00",18.33,09/08/2022,0.95,-53.55
1466,MICROREV,L,DS,09/08/2022,1.5,"1,138.00",8.39,09/08/2022,1.4,-122.19
1467,MRIDV3S,S,GFS,09/08/2022,61.9,42,0.9,09/08/2022,55.67,260.76
1468,MICROREV,L,KPLT,09/08/2022,1.32,"1,194.00",12.26,09/08/2022,1.45,142.96
1469,MICROREV,L,LAB,09/08/2022,1.88,908,6.05,09/08/2022,1.68,-187.65
1470,MRIDV3L,L,MNST,09/08/2022,87.67,29,0.75,09/08/2022,88.81,32.31
1471,MICROREV,L,POL,09/08/2022,1.27,61,0.64,09/08/2022,1.28,-0.03
1472,MRIDV3L,L,QDEL,09/08/2022,87.85,29,0.75,09/08/2022,86.47,-40.77
1473,MICROREV,L,SFT,09/08/2022,1.35,"1,265.00",8.09,09/08/2022,1.28,-96.64
1474,TMR,L,TALK,09/08/2022,1.64,694,4.836233,10/08/2022,1.6,-32.6
1475,MICROREV,L,UBX,09/08/2022,0.93,"1,836.00",18.67,09/08/2022,0.87,-128.83
1476,MICROREV,L,WISH,09/08/2022,1.72,993,6.63,09/08/2022,1.68,-46.35
1477,MICROREV,L,XXII,09/08/2022,1.97,867,5.79,09/08/2022,1.945,-27.46
1478,MRIDV3S,S,AEL,10/08/2022,41.79,61,0.779021,10/08/2022,42.11,-20.3
1479,MRIDV3L,L,ARGO,10/08/2022,24.91,102,0.802141,10/08/2022,23.1,-185.42
1480,MRIDV3L,L,EGRX,10/08/2022,34.79,73,0.732014,10/08/2022,35,14.6
1481,MRIDV3S,S,QLYS,10/08/2022,147.52,17,0.751654,10/08/2022,148.03,-9.42
1482,TMR,L,TOMZ,10/08/2022,0.94,"1,196.00",10.834791,11/08/2022,1.05,120.73
1483,MRIDV3S,S,XPEL,10/08/2022,77.89,33,0.865966,10/08/2022,80.99,-103.17
1484,MRIDV3S,S,BIGC,11/08/2022,21.53,117,0.833997,11/08/2022,20,178.18
1485,MICROREV,L,CDXC,11/08/2022,1.81,891,9.153385,11/08/2022,1.66,-142.8
1486,TMR,L,FAZE,11/08/2022,14.1,80,0.720471,12/08/2022,13.95,-12.72
1487,MRIDV3S,S,PHR,11/08/2022,26.93,94,0.789504,11/08/2022,25.42,141.15
1488,MRIDV3S,S,RBLX,11/08/2022,50.06,50,0.774333,11/08/2022,49.56,24.23
1489,MRIDV3S,S,SIG,11/08/2022,67.69,37,0.770079,11/08/2022,65.9,65.46
1490,MRIDV3S,S,TRUP,11/08/2022,75.67,33,0.745488,11/08/2022,75.46,6.18
1491,MRIDV3S,S,CAH,12/08/2022,67.2,38,0.771532,12/08/2022,69.32,-81.33
1492,MRIDV3L,L,CERT,12/08/2022,17,132,1.40412,12/08/2022,17.56,72.52
1493,MRIDV3S,S,CLAR,12/08/2022,26.22,97,0.722867,12/08/2022,26.6,-37.58
1494,MRIDV3S,S,EYE,12/08/2022,34.9,73,0.731847,12/08/2022,35.65,-55.48
1495,MRIDV3L,L,KELYA,12/08/2022,19.41,130,0.917375,12/08/2022,18.41,-130.92
1496,MICROREV,L,LFMD,12/08/2022,2.83,596,3.994127,12/08/2022,2.9,37.73
1497,MICROREV,L,LTRPA,12/08/2022,1.25,"1,350.00",9.000727,12/08/2022,1.4,193.5
1498,MICROREV,L,QUBT,12/08/2022,3.84,439,2.953041,12/08/2022,4,67.29
1499,MRIDV3S,S,RMBL,12/08/2022,27.23,93,0.724096,12/08/2022,26.53,64.38
1500,MICROREV,L,SLGG,12/08/2022,1.02,"1,654.00",14.735184,12/08/2022,1.01,-31.28
1501,MRIDV3S,S,STAA,12/08/2022,106.11,24,0.749952,12/08/2022,111.58,-132.03
1502,MRIDV3S,S,ENVX,15/08/2022,24.28,104,0.74,15/08/2022,24.83,-57.94
1503,MICROREV,L,HLGN,15/08/2022,2.44,692,5.11,15/08/2022,2.45,1.81
1504,MRIDV3S,S,ATI,16/08/2022,32.84,77,0.783831,16/08/2022,32.46,28.48
1505,TMR,L,CELH,16/08/2022,95.06,12,0.727003,17/08/2022,99.45,51.95
1506,TMR,L,DVAX,16/08/2022,14.41,76,1.107334,17/08/2022,14.1,-24.67
1507,MRIDV3S,S,FLYW,16/08/2022,28.39,89,0.725446,16/08/2022,28.11,24.19
1508,MRIDV3S,S,GDYN,16/08/2022,21.08,121,1.151663,17/08/2022,20.95,14.58
1509,MRIDV3S,S,RYI,16/08/2022,32.27,78,0.783895,16/08/2022,31.76,39
1510,MICROREV,L,TISI,16/08/2022,1.33,"1,269.00",9.34724,16/08/2022,1.34,3.34
1511,TMR,L,BFLY,17/08/2022,7.03,160,1.183699,18/08/2022,6.71,-52.38
1512,MICROREV,L,BWEN,17/08/2022,3.14,538,3.605313,17/08/2022,2.89,-138.11
1513,MICROREV,L,CENN,17/08/2022,1.61,"1,049.00",6.998463,17/08/2022,1.59,-27.98
1514,MICROREV,L,CIFR,17/08/2022,2.33,725,4.847669,17/08/2022,2.24,-70.1
1515,MICROREV,L,IZEA,17/08/2022,0.95,"1,778.00",18.695346,17/08/2022,0.9857,44.78
1516,MICROREV,L,MRIN,17/08/2022,1.98,853,5.699041,17/08/2022,2.01,19.89
1517,TMR,L,PAVM,17/08/2022,1.63,691,4.811965,18/08/2022,1.25,-267.39
1518,TMR,L,SPPI,17/08/2022,1.26,894,6.225611,18/08/2022,1.25,-15.17
1519,TMR,L,ASTS,18/08/2022,11.92,94,0.719529,19/08/2022,11.89,-3.54
1520,MICROREV,L,DCGO,18/08/2022,9.98,168,1.154022,18/08/2022,10.22,39.17
1521,MRIDV3S,S,LFG,18/08/2022,20.6,122,0.95244,18/08/2022,20.92,-39.99
1522,MRIDV3L,L,ZNTL,18/08/2022,24.44,103,0.744392,18/08/2022,25.85,144.49
1523,TMR,L,ABCL,19/08/2022,11.39,99,0.719021,22/08/2022,11.22,-17.55
1524,MICROREV,L,CGRN,19/08/2022,2.38,468,4.815876,19/08/2022,2.41,9.22
1525,MICROREV,L,CRIS,19/08/2022,1.17,"1,426.00",14.633523,19/08/2022,1.17,-14.63
1526,MRIDV3L,L,DASH,19/08/2022,63.83,40,0.773245,19/08/2022,64.99,45.63
1527,TMR,L,HIMS,19/08/2022,6,187,1.396809,22/08/2022,5.87,-25.71
1528,MRIDV3L,L,HTZ,19/08/2022,19.72,128,0.906867,19/08/2022,19.64,-11.15
1529,TMR,L,OPTN,19/08/2022,3.55,316,2.216544,22/08/2022,3.46,-30.66
1530,MICROREV,L,PHAT,19/08/2022,10.85,155,1.065858,19/08/2022,10.54,-49.12
1531,MRIDV3L,L,TXG,19/08/2022,36.74,69,0.732405,19/08/2022,36.34,-28.33
1532,TMR,L,VUZI,19/08/2022,8.39,134,0.953889,22/08/2022,8.01,-51.87
1533,MRIDV3L,L,ASAN,22/08/2022,20.62,122,0.950931,22/08/2022,20.06,-69.27
1534,MRIDV3L,L,BEAM,22/08/2022,50.27,50,0.740879,22/08/2022,51.41,56.26
1535,MRIDV3L,L,BYND,22/08/2022,27.33,92,0.723484,22/08/2022,27.06,-25.56
1536,TMR,L,INFI,22/08/2022,1.33,843,5.871617,23/08/2022,1.31,-22.73
1537,MRIDV3L,L,MSTR,22/08/2022,269.43,9,0.752438,22/08/2022,268.09,-12.81
1538,MRIDV3S,S,PRVA,22/08/2022,37.88,67,0.733844,22/08/2022,41.98,-275.43
1539,TMR,L,TCRT,22/08/2022,1.64,683,4.762198,23/08/2022,1.63,-11.59
1540,MRIDV3L,L,TREE,22/08/2022,36.46,69,0.73043,22/08/2022,35.09,-95.26
1541,TMR,L,VRNA,22/08/2022,10.86,103,0.7397,23/08/2022,10.76,-11.04
1542,MRIDV3S,S,AMR,23/08/2022,172.05,15,0.764563,23/08/2022,165.01,104.84
1543,MRIDV3S,S,CELH,23/08/2022,108.28,23,0.749035,23/08/2022,113.04,-110.23
1544,MRIDV3S,S,EVH,23/08/2022,36.89,68,0.7804,23/08/2022,35.5,93.74
1545,MRIDV3L,L,IGMS,23/08/2022,19.4,129,0.9141,23/08/2022,19.69,36.5
1546,MRIDV3S,S,MOS,23/08/2022,56.67,44,0.772135,23/08/2022,57.25,-26.29
1547,MRIDV3S,S,PLL,23/08/2022,59.81,42,0.7425,23/08/2022,60.6,-33.92
1548,TMR,L,SUP,23/08/2022,5.32,209,1.557598,24/08/2022,5.13,-41.27
1549,TMR,L,FPAY,24/08/2022,2.22,502,3.507998,25/08/2022,2.31,41.67
1550,MICROREV,L,HHS,24/08/2022,15.69,106,0.741679,24/08/2022,15.8,10.92
1551,MRIDV3S,S,OSH,24/08/2022,27.28,92,0.788348,24/08/2022,28.57,-119.47
1552,MRIDV3S,S,PLL,24/08/2022,63.46,39,0.74276,24/08/2022,63.49,-1.91
1553,MRIDV3S,S,TMDX,24/08/2022,52.11,48,0.740034,24/08/2022,52.59,-23.78
1554,MICROREV,L,ALLK,25/08/2022,3.93,425,2.859158,25/08/2022,4.03,39.64
1555,MRIDV3S,S,BE,25/08/2022,26.94,93,0.788578,25/08/2022,27.36,-39.85
1556,MRIDV3L,L,CTRN,25/08/2022,22.69,110,0.78871,25/08/2022,23.36,72.91
1557,TMR,L,IMKTA,25/08/2022,94.79,12,0.725593,26/08/2022,94.32,-6.37
1558,MRIDV3S,S,IPI,25/08/2022,55.5,45,0.772557,25/08/2022,55.58,-4.37
1559,MRIDV3S,S,LTHM,25/08/2022,33.79,74,0.782195,25/08/2022,33.39,28.82
1560,MRIDV3S,S,MDB,25/08/2022,355.54,7,0.780117,25/08/2022,363.74,-58.18
1561,MRIDV3S,S,TRUP,25/08/2022,76.86,33,0.746387,25/08/2022,77.49,-21.54
1562,MICROREV,L,ADTH,26/08/2022,3.05,547,3.667628,26/08/2022,3.05,-3.67
1563,MICROREV,L,BORR,26/08/2022,4.01,416,3.08962,26/08/2022,4.01,-3.09
1564,MRIDV3L,L,BOX,26/08/2022,27.39,91,0.787247,26/08/2022,27.21,-17.17
1565,MRIDV3L,L,DLTR,26/08/2022,140.88,18,0.751026,26/08/2022,138.7,-39.99
1566,MRIDV3S,S,HIBB,26/08/2022,63.15,40,0.74356,26/08/2022,61.19,77.66
1567,MICROREV,L,NLTX,26/08/2022,1.12,"1,490.00",9.923899,26/08/2022,1.1,-39.72
1568,MICROREV,L,OIS,26/08/2022,5.37,311,2.319332,26/08/2022,5.35,-8.54
1569,TMR,L,SMR,26/08/2022,14.11,79,0.751353,29/08/2022,13.69,-33.93
1570,MICROREV,L,TUSK,26/08/2022,4.6,363,2.448542,26/08/2022,4.81,73.78
1571,MRIDV3L,L,CLAR,29/08/2022,21.08,119,0.84076,29/08/2022,18.78,-274.54
1572,MRIDV3L,L,GSHD,29/08/2022,52.84,47,0.738651,29/08/2022,51.59,-59.49
1573,MRIDV3L,L,SGRY,29/08/2022,28.56,88,0.726657,29/08/2022,29.13,49.43
1574,TMR,L,SOHO,29/08/2022,2.62,425,2.971962,30/08/2022,2.52,-45.47
1575,TMR,L,AXSM,30/08/2022,59.92,18,0.72484,31/08/2022,62.07,37.98
1576,TMR,L,BMEA,30/08/2022,11.01,101,0.726077,31/08/2022,11.08,6.34
1577,MRIDV3L,L,CTRN,30/08/2022,20.79,120,0.852523,30/08/2022,20.49,-36.85
1578,MRIDV3L,L,CVLG,30/08/2022,28.12,89,0.726465,30/08/2022,28.89,67.8
1579,TMR,L,FWRG,30/08/2022,17.11,65,0.721432,31/08/2022,17.11,-0.72
1580,MICROREV,L,GEO,30/08/2022,8.11,205,1.541966,30/08/2022,8.15,6.66
1581,MICROREV,L,HLX,30/08/2022,4.31,386,2.869994,30/08/2022,4.37,20.29
1582,MICROREV,L,LPI,30/08/2022,76.71,22,0.746225,30/08/2022,76.32,-9.33
1583,MRIDV3L,L,NARI,30/08/2022,64.84,38,0.743844,30/08/2022,65.95,41.44
1584,MRIDV3S,S,NSSC,30/08/2022,29.6,84,0.726373,30/08/2022,29.61,-1.57
1585,MRIDV3L,L,NVDA,30/08/2022,153.22,16,0.751269,30/08/2022,154.68,22.61
1586,MRIDV3L,L,OLLI,30/08/2022,56.91,44,0.741073,30/08/2022,56.41,-22.74
1587,TMR,L,TCOM,30/08/2022,26.28,42,0.722639,31/08/2022,26.06,-9.96
1588,MRIDV3S,S,XMTR,30/08/2022,50.29,50,0.739596,30/08/2022,51.08,-40.24
1589,MRIDV3L,L,CTRN,31/08/2022,19.33,129,0.915607,31/08/2022,20.2,111.31
1590,MRIDV3L,L,DELL,31/08/2022,38.63,65,0.778959,31/08/2022,38.29,-22.88
1591,MICROREV,L,DXLG,31/08/2022,5.76,289,1.949619,31/08/2022,5.51,-74.2
1592,MRIDV3L,L,OLLI,31/08/2022,54.74,46,0.741758,31/08/2022,55.31,25.48
1593,TMR,L,OXM,31/08/2022,106.89,10,0.727894,01/09/2022,105.15,-18.13
1594,TMR,L,TAL,31/08/2022,5.86,189,1.411359,01/09/2022,5.78,-16.53
1595,MRIDV3L,L,CMPR,01/09/2022,32.5,77,0.728168,01/09/2022,31.84,-51.55
1596,MRIDV3L,L,CRS,01/09/2022,33.19,75,0.781581,01/09/2022,32.79,-30.78
1597,MICROREV,L,INDI,01/09/2022,8,208,1.419264,01/09/2022,8.22,44.34
1598,MRIDV3L,L,MOS,01/09/2022,52.41,48,0.774436,01/09/2022,52.84,19.87
1599,MRIDV3L,L,OLLI,01/09/2022,52.37,48,0.743012,01/09/2022,54.82,116.86
1600,MRIDV3L,L,TSE,01/09/2022,25.92,96,0.790408,01/09/2022,26.48,52.97
1601,MRIDV3L,L,GCO,02/09/2022,43.9,57,0.775465,02/09/2022,43.01,-51.51
1602,MICROREV,L,ADMA,06/09/2022,2.63,633,4.237445,06/09/2022,2.58,-35.89
1603,MICROREV,L,ALT,06/09/2022,21.47,78,0.709379,06/09/2022,21.12,-28.01
1604,MICROREV,L,ATNM,06/09/2022,7.29,228,1.413554,06/09/2022,7.19,-24.21
1605,MICROREV,L,BORR,06/09/2022,4.11,405,3.008017,06/09/2022,4.02,-39.46
1606,MRIDV3L,L,CIEN,06/09/2022,42.82,58,0.776382,06/09/2022,42.71,-7.16
1607,MRIDV3L,L,IIVI,06/09/2022,42.05,59,0.734958,06/09/2022,41.65,-24.33
1608,MICROREV,L,RXDX,06/09/2022,54.53,31,0.727769,06/09/2022,54.55,-0.11
1609,MRIDV3L,L,SAFE,06/09/2022,35.31,71,0.781436,06/09/2022,35.36,2.77
1610,MRIDV3L,L,SMG,06/09/2022,59.31,42,0.770072,06/09/2022,57.91,-59.57
1611,MICROREV,L,AKRO,07/09/2022,12.31,135,0.932533,07/09/2022,11.9,-56.28
1612,TMR,L,ALT,07/09/2022,18.78,59,0.723798,08/09/2022,20.29,88.37
1613,MRIDV3S,S,BRP,07/09/2022,31.29,80,0.728238,07/09/2022,31.68,-31.93
1614,MRIDV3L,L,GME,07/09/2022,23.54,106,0.83588,07/09/2022,24.04,52.16
1615,MRIDV3S,S,IBKR,07/09/2022,66.04,38,0.743922,07/09/2022,66.43,-15.56
1616,MRIDV3S,S,LULU,07/09/2022,336.79,7,0.751912,07/09/2022,336.87,-1.31
1617,MRIDV3S,S,WING,07/09/2022,137.43,18,0.750503,07/09/2022,139.76,-42.69
1618,MRIDV3S,S,BLFS,08/09/2022,26.43,94,0.722627,08/09/2022,26.7,-26.1
1619,MRIDV3L,L,KFY,08/09/2022,51.85,48,0.772798,08/09/2022,51.35,-24.77
1620,MRIDV3S,S,LTHM,08/09/2022,34.22,73,0.78181,08/09/2022,34.7,-35.82
1621,MRIDV3S,S,OSH,08/09/2022,26.96,93,0.788621,08/09/2022,28.18,-114.25
1622,MRIDV3S,S,PEN,08/09/2022,193.48,13,0.762403,08/09/2022,197.49,-52.89
1623,MICROREV,L,PPSI,08/09/2022,3.52,473,2.896855,08/09/2022,3.53,1.83
1624,MRIDV3S,S,PRCT,08/09/2022,46.36,54,0.737863,08/09/2022,49.93,-193.52
1625,MICROREV,L,RCAT,08/09/2022,2.44,682,4.562183,08/09/2022,2.37,-52.3
1626,MRIDV3S,S,BILL,09/09/2022,166.67,15,0.762715,09/09/2022,167.39,-11.56
1627,MRIDV3S,S,BLNK,09/09/2022,22.12,102,0.728452,09/09/2022,21.83,28.85
1628,MRIDV3S,S,NARI,09/09/2022,77.66,32,0.745583,09/09/2022,77.27,11.73
1629,MRIDV3S,S,PINS,09/09/2022,25.16,99,0.790224,09/09/2022,25.55,-39.4
1630,MRIDV3S,S,SPT,09/09/2022,63.23,39,0.742555,09/09/2022,66.29,-120.08
1631,MRIDV3S,S,COOP,12/09/2022,44.6,56,0.73699,12/09/2022,44.9,-17.54
1632,MRIDV3S,S,DGII,12/09/2022,36.12,69,0.732057,12/09/2022,36.6,-33.85
1633,MRIDV3S,S,HIBB,12/09/2022,66.28,38,0.744131,12/09/2022,62.78,132.26
1634,MICROREV,L,STRC,12/09/2022,3.71,449,3.014859,12/09/2022,3.47,-110.77
1635,MRIDV3S,S,TOST,12/09/2022,22.16,113,0.886215,12/09/2022,22.29,-15.58
1636,MICROREV,L,ACER,13/09/2022,1.5,"1,109.00",7.395708,13/09/2022,1.47,-40.67
1637,MICROREV,L,ATER,13/09/2022,2.45,650,6.688419,13/09/2022,2.39,-45.69
1638,MICROREV,L,CRDF,13/09/2022,2.5,601,6.177334,13/09/2022,1.89,-372.79
1639,MICROREV,L,INSG,13/09/2022,2.55,653,4.37148,13/09/2022,2.59,21.75
1640,MICROREV,L,IRNT,13/09/2022,2.18,756,7.246138,13/09/2022,2.17,-14.81
1641,MICROREV,L,LTRPA,13/09/2022,1.38,"1,306.00",13.408072,13/09/2022,1.37,-26.47
1642,MICROREV,L,OCUL,13/09/2022,5.91,282,1.910245,13/09/2022,6.06,40.39
1643,MICROREV,L,VLDR,13/09/2022,1.21,"1,375.00",14.110479,13/09/2022,1.18,-55.36
1644,MICROREV,L,VRM,13/09/2022,1.69,985,6.573737,13/09/2022,1.69,-6.57
1645,MRIDV3L,L,BXC,14/09/2022,62.86,40,0.770809,14/09/2022,62.33,-21.97
1646,MICROREV,L,CWCO,14/09/2022,18.16,92,0.704165,14/09/2022,17.89,-25.54
1647,MRIDV3L,L,EMN,14/09/2022,81.88,30,0.766831,14/09/2022,82.12,6.43
1648,MRIDV3S,S,ENVX,14/09/2022,23,109,0.78064,14/09/2022,23.8,-87.98
1649,MRIDV3L,L,FIZZ,14/09/2022,41.34,60,0.736132,14/09/2022,42.08,43.66
1650,MRIDV3L,L,HZO,14/09/2022,31.44,79,0.783299,14/09/2022,31.35,-7.89
1651,TMR,L,IE,14/09/2022,10.15,109,0.684214,15/09/2022,10.57,45.1
1652,MRIDV3L,L,PLCE,14/09/2022,33.44,75,0.730678,14/09/2022,33.72,20.27
1653,MICROREV,L,ASC,15/09/2022,9.9,168,1.270776,15/09/2022,10,15.53
1654,MRIDV3S,S,BLNK,15/09/2022,23.33,107,0.767126,15/09/2022,23.23,9.93
1655,MICROREV,L,GRPN,15/09/2022,11.38,146,1.005944,15/09/2022,11.13,-37.51
1656,MRIDV3S,S,GTLS,15/09/2022,218.59,12,0.790943,15/09/2022,208.74,117.41
1657,MRIDV3S,S,RCL,15/09/2022,50.25,50,0.77455,15/09/2022,50.83,-29.77
1658,TMR,L,TCRT,15/09/2022,2.95,376,2.625007,16/09/2022,2.02,-352.31
1659,MRIDV3S,S,TMCI,15/09/2022,24.98,100,0.720719,15/09/2022,23.75,122.28
1660,MRIDV3S,S,UBER,15/09/2022,33.91,74,0.782398,15/09/2022,33.13,56.94
1661,MRIDV3L,L,AVNT,16/09/2022,37.06,67,0.779056,16/09/2022,36.78,-19.54
1662,MICROREV,L,BLNK,16/09/2022,22.13,75,0.710635,16/09/2022,22.05,-6.71
1663,TMR,L,DYN,16/09/2022,13.21,84,0.720738,19/09/2022,13.57,29.52
1664,MRIDV3L,L,EMN,16/09/2022,79.04,32,0.769061,16/09/2022,79.13,2.11
1665,MRIDV3L,L,GPRE,16/09/2022,31.52,79,0.729266,16/09/2022,32.05,41.14
1666,MRIDV3L,L,JBT,16/09/2022,91.46,27,0.765918,16/09/2022,91.37,-3.2
1667,TMR,L,MNTK,16/09/2022,17.43,64,0.722298,19/09/2022,17.92,30.64
1668,MRIDV3L,L,OLN,16/09/2022,47.38,53,0.773677,16/09/2022,45.87,-80.8
1669,TMR,L,QRHC,16/09/2022,7.09,156,1.109604,19/09/2022,7.76,103.41
1670,MICROREV,L,RAD,16/09/2022,7.89,211,1.58468,16/09/2022,7.65,-52.22
1671,MICROREV,L,SIBN,16/09/2022,17.71,94,0.705708,16/09/2022,18.57,80.13
1672,MRIDV3L,L,TROW,16/09/2022,109.57,23,0.75001,16/09/2022,110.13,12.13
1673,MICROREV,L,VLD,16/09/2022,4.63,359,2.551627,16/09/2022,4.61,-9.73
1674,MRIDV3S,S,AHCO,19/09/2022,20.8,120,0.853376,19/09/2022,22.12,-159.25
1675,MRIDV3L,L,BLFS,19/09/2022,21.9,114,0.818434,19/09/2022,23.76,211.22
1676,TMR,L,DV,19/09/2022,26.31,42,0.740574,20/09/2022,27.24,38.32
1677,MRIDV3L,L,SBOW,19/09/2022,31.08,80,0.785135,19/09/2022,31.78,55.21
1678,TMR,L,AAOI,20/09/2022,3.06,363,2.544142,21/09/2022,3.21,51.91
1679,MICROREV,L,AOUT,20/09/2022,9.21,181,1.237478,20/09/2022,8.81,-73.64
1680,MRIDV3S,S,BLFS,20/09/2022,24.62,101,0.727093,20/09/2022,24.67,-5.78
1681,MRIDV3L,L,DAWN,20/09/2022,19.43,128,0.906984,20/09/2022,19.68,31.09
1682,MRIDV3L,L,EW,20/09/2022,86.31,29,0.767987,20/09/2022,87.19,24.75
1683,MRIDV3L,L,GWRE,20/09/2022,60.97,41,0.770923,20/09/2022,60.58,-16.76
1684,MRIDV3L,L,INGN,20/09/2022,24.71,101,0.728897,20/09/2022,25.4,68.96
1685,MRIDV3L,L,LAND,20/09/2022,20.07,124,0.880004,20/09/2022,20.16,10.28
1686,MRIDV3L,L,STAA,20/09/2022,78.86,32,0.74817,20/09/2022,81.19,73.81
1687,MICROREV,L,TBPH,20/09/2022,10.09,100,0.686918,20/09/2022,10.22,12.31
1688,MRIDV3L,L,TRU,20/09/2022,64.39,39,0.771882,20/09/2022,65.5,42.52
1689,TMR,L,VIRX,20/09/2022,4.79,232,1.634136,21/09/2022,4.74,-13.23
1690,MICROREV,L,ADN,21/09/2022,3.76,443,2.855456,21/09/2022,4,103.46
1691,TMR,L,RLMD,21/09/2022,30.52,36,0.722561,22/09/2022,29.8,-26.64
1692,TMR,L,AKU,22/09/2022,1.68,660,4.600924,23/09/2022,1.57,-77.2
1693,MICROREV,L,CPTN,22/09/2022,1.66,"1,003.00",6.693867,22/09/2022,1.69,23.4
1694,MRIDV3L,L,CZR,22/09/2022,40.18,62,0.730987,22/09/2022,37.62,-159.45
1695,TMR,L,HOG,22/09/2022,39,28,0.734107,23/09/2022,37.98,-29.29
1696,MRIDV3L,L,IRTC,22/09/2022,126.95,20,0.752389,22/09/2022,129.42,48.65
1697,MRIDV3L,L,NVAX,22/09/2022,24.54,101,0.934151,22/09/2022,22.44,-213.03
1698,MRIDV3L,L,RLMD,22/09/2022,28.82,87,0.729169,22/09/2022,30.54,148.91
1699,TMR,L,RVLP,22/09/2022,2.55,435,3.041692,23/09/2022,2.5,-24.79
1700,TMR,L,SBUX,22/09/2022,86.75,13,0.724581,23/09/2022,83.9,-37.77
1701,MRIDV3L,L,SQ,22/09/2022,57.61,43,0.769779,22/09/2022,55.93,-73.01
1702,MRIDV3L,L,AA,23/09/2022,35.88,69,0.779394,23/09/2022,35.51,-26.31
1703,MRIDV3L,L,CC,23/09/2022,25.66,96,0.78766,23/09/2022,25.23,-42.07
1704,MRIDV3L,L,CELH,23/09/2022,86.44,28,0.746913,23/09/2022,88.52,57.49
1705,TMR,L,HLIT,23/09/2022,11.02,99,0.719089,26/09/2022,11.25,22.05
1706,MRIDV3L,L,LEU,23/09/2022,38.06,65,0.692018,23/09/2022,36.65,-92.34
1707,TMR,L,RVLP,23/09/2022,2.35,466,3.255895,26/09/2022,2.26,-45.2
1708,MRIDV3L,L,SBOW,23/09/2022,25.33,97,0.788279,23/09/2022,25.1,-23.1
1709,TMR,L,SGML,23/09/2022,24.38,45,0.722168,26/09/2022,24.07,-14.67
1710,TMR,L,FENC,26/09/2022,7.13,153,1.087109,27/09/2022,7.43,44.81
1711,MRIDV3L,L,ROCC,26/09/2022,27.8,88,0.722989,26/09/2022,27.31,-43.84
1712,MRIDV3S,S,SILK,27/09/2022,43.3,57,0.735944,27/09/2022,43.85,-32.09
1713,MRIDV3L,L,SCHL,28/09/2022,28.27,87,0.72626,28/09/2022,29.08,69.74
1714,MICROREV,L,AMPS,29/09/2022,11.55,123,1.203412,29/09/2022,10.86,-86.07
1715,MRIDV3L,L,BEPC,29/09/2022,32.59,75,0.780705,29/09/2022,32.28,-24.03
1716,MRIDV3L,L,BIPC,29/09/2022,42.42,58,0.774841,29/09/2022,41.55,-51.23
1717,MICROREV,L,BIVI,29/09/2022,2.33,702,4.696615,29/09/2022,2.41,51.46
1718,MICROREV,L,OOMA,29/09/2022,12.43,132,1.005479,29/09/2022,12.32,-15.53
1719,MICROREV,L,PPSI,29/09/2022,3.55,461,3.091423,29/09/2022,3.09,-215.15
1720,MRIDV3L,L,UNFI,29/09/2022,33.94,72,0.779575,29/09/2022,33.54,-29.58
1721,MRIDV3L,L,VFC,29/09/2022,31.82,77,0.780146,29/09/2022,30.75,-83.17
1722,MICROREV,L,VRAR,29/09/2022,5.43,284,2.940665,29/09/2022,5.21,-65.42
1723,MRIDV3S,S,WIX,29/09/2022,79.84,31,0.745723,29/09/2022,80.41,-18.42
1724,MRIDV3L,L,FRG,30/09/2022,22.94,106,0.762311,30/09/2022,24.3,143.4
1725,MRIDV3L,L,OLLI,30/09/2022,49.92,49,0.740285,30/09/2022,51.6,81.58
1726,MRIDV3L,L,VFC,30/09/2022,29.76,82,0.783739,30/09/2022,29.91,11.52
1727,MRIDV3L,L,WOR,30/09/2022,41.38,59,0.771515,30/09/2022,38.14,-191.93
1728,MICROREV,L,PHAT,03/10/2022,9.92,164,1.125194,03/10/2022,9.86,-10.97
1729,MRIDV3S,S,ACA,04/10/2022,61.66,40,0.770195,04/10/2022,63.52,-75.17
1730,MRIDV3S,S,AXNX,04/10/2022,75.88,32,0.705879,04/10/2022,75.62,7.61
1731,MRIDV3S,S,CROX,04/10/2022,75.64,32,0.744103,04/10/2022,77.48,-59.62
1732,MRIDV3S,S,DGII,04/10/2022,37.97,16,0.807506,04/10/2022,36.81,17.75
1733,MRIDV3S,S,DGII,04/10/2022,38,16,0.50846,04/10/2022,36.81,18.53
1734,MRIDV3S,S,DGII,04/10/2022,37.99,16,0.508457,04/10/2022,36.81,18.37
1735,MRIDV3S,S,DGII,04/10/2022,37.96,17,0.471845,04/10/2022,36.81,19.08
1736,MRIDV3S,S,PLMR,04/10/2022,89.25,27,0.713308,04/10/2022,89.64,-11.24
1737,TMR,L,RLMD,04/10/2022,33.48,32,0.722413,05/10/2022,32.94,-18
1738,MRIDV3S,S,SHLS,04/10/2022,24.15,101,0.726004,04/10/2022,24,14.42
1739,MRIDV3S,S,SPT,04/10/2022,66.14,37,0.742865,04/10/2022,68.49,-87.69
1740,MICROREV,L,MYPS,05/10/2022,3.54,230,1.545044,05/10/2022,3.6,12.25
1741,MICROREV,L,PRCH,05/10/2022,2.35,346,2.313429,05/10/2022,2.23,-43.83
1742,MICROREV,L,QUOT,05/10/2022,2.35,343,3.289249,05/10/2022,2.38,7
1743,MRIDV3S,S,TEAM,05/10/2022,242.7,5,0.726453,05/10/2022,242.46,0.47
1744,MRIDV3S,S,ADSK,06/10/2022,208.74,6,0.726975,06/10/2022,205.87,16.49
1745,MRIDV3S,S,FN,06/10/2022,107.22,11,0.731153,06/10/2022,107.35,-2.16
1746,MRIDV3S,S,HIBB,06/10/2022,56.65,22,0.720915,06/10/2022,56.46,3.46
1747,MRIDV3S,S,PCTY,06/10/2022,267.51,5,0.729294,06/10/2022,264.97,11.97
1748,MRIDV3S,S,YOU,06/10/2022,26.78,46,0.743904,06/10/2022,26.47,13.52
1749,MRIDV3L,L,AMT,07/10/2022,198.72,6,0.729236,07/10/2022,194.63,-25.27
1750,TMR,L,ATXS,07/10/2022,11.08,49,0.708294,11/10/2022,9.99,-54.12
1751,MRIDV3L,L,CMS,07/10/2022,55.52,22,0.735629,07/10/2022,55.29,-5.8
1752,MICROREV,L,DRIO,07/10/2022,5.1,159,1.073776,07/10/2022,5.16,8.47
1753,MRIDV3S,S,DXCM,07/10/2022,103.97,13,0.773456,07/10/2022,102.14,23.02
1754,MICROREV,L,EGY,07/10/2022,5.46,149,1.111055,07/10/2022,5.31,-23.46
1755,MICROREV,L,GORO,07/10/2022,1.72,473,2.872714,07/10/2022,1.67,-26.52
1756,MRIDV3L,L,HCI,07/10/2022,34.57,35,0.738714,07/10/2022,33.25,-46.94
1757,MRIDV3S,S,IDT,07/10/2022,29.65,43,0.838501,07/10/2022,30,-15.89
1758,MRIDV3L,L,ITGR,07/10/2022,53.05,23,0.735145,07/10/2022,51.34,-40.07
1759,MRIDV3L,L,LNT,07/10/2022,50.28,24,0.718922,07/10/2022,49.65,-15.84
1760,TMR,L,QRHC,07/10/2022,7.74,70,0.708038,11/10/2022,7.75,-0.01
1761,MICROREV,L,WULF,07/10/2022,1.46,557,3.713122,07/10/2022,1.36,-59.41
1762,TMR,L,ABOS,11/10/2022,9.05,60,0.708749,12/10/2022,9.05,-0.71
1763,MRIDV3L,L,AMEH,11/10/2022,33.54,36,0.844445,11/10/2022,33.54,-0.84
1764,TMR,L,AXGN,11/10/2022,10.7,51,0.694958,13/10/2022,11.4,35.01
1765,MRIDV3S,S,DDS,11/10/2022,289.03,4,0.728309,11/10/2022,279.03,39.27
1766,MRIDV3L,L,DOCU,11/10/2022,46.07,26,0.717413,11/10/2022,44.54,-40.5
1767,MICROREV,L,EGLE,11/10/2022,45.58,17,0.77369,11/10/2022,46.92,22.01
1768,MRIDV3L,L,NVRO,11/10/2022,36.43,33,0.705882,11/10/2022,36.36,-3.02
1769,TMR,L,PRTA,11/10/2022,52.2,10,0.711505,13/10/2022,51.05,-12.21
1770,MICROREV,L,PSTX,11/10/2022,3.76,216,1.452087,11/10/2022,3.82,11.51
1771,TMR,L,RLMD,11/10/2022,32.27,17,0.676514,13/10/2022,6.91,-431.8
1772,MRIDV3L,L,SYNA,11/10/2022,91.18,13,0.768985,11/10/2022,88.95,-29.76
1773,MRIDV3L,L,TWST,11/10/2022,30.53,40,0.713497,11/10/2022,30.33,-8.71
1774,MRIDV3L,L,VICR,11/10/2022,54.59,22,0.797041,11/10/2022,50.55,-89.68
1775,TMR,L,ABOS,12/10/2022,8.14,67,0.708513,13/10/2022,8.27,8
1776,MICROREV,L,PEPG,12/10/2022,12.04,68,0.693978,12/10/2022,11.96,-6.13
1777,MRIDV3L,L,ACLS,13/10/2022,51.9,23,0.804231,13/10/2022,55.87,90.51
1778,MRIDV3L,L,ALB,13/10/2022,237.5,5,0.749909,13/10/2022,233.58,-20.35
1779,MRIDV3S,S,CAKE,13/10/2022,33.29,37,0.715031,13/10/2022,33.1,6.31
1780,MRIDV3L,L,COUP,13/10/2022,48.04,25,0.778281,13/10/2022,47.19,-22.03
1781,TMR,L,DGII,13/10/2022,33.18,16,0.712178,14/10/2022,34.89,26.65
1782,MRIDV3L,L,IAC,13/10/2022,44.52,27,0.685484,13/10/2022,44.25,-7.98
1783,MRIDV3L,L,ICHR,13/10/2022,21.55,56,0.841958,13/10/2022,21.65,4.76
1784,MRIDV3L,L,LRCX,13/10/2022,302.09,4,0.744634,13/10/2022,340.61,153.34
1785,MRIDV3L,L,MPWR,13/10/2022,308.74,4,0.736625,13/10/2022,305.58,-13.38
1786,MRIDV3L,L,MRVL,13/10/2022,36.05,34,0.840801,13/10/2022,39.13,103.88
1787,MICROREV,L,NDLS,13/10/2022,4.95,164,1.108031,13/10/2022,5.29,54.65
1788,MRIDV3L,L,ONTO,13/10/2022,56.71,21,0.783378,13/10/2022,61.83,106.74
1789,MRIDV3L,L,SPLK,13/10/2022,65.55,19,0.723832,13/10/2022,69.75,79.08
1790,MRIDV3S,S,CCRN,14/10/2022,34.49,35,0.715208,14/10/2022,32.07,83.98
1791,MRIDV3S,S,CUTR,14/10/2022,48.8,25,0.719202,14/10/2022,45.58,79.78
1792,TMR,L,FNGR,14/10/2022,7.38,73,0.706906,17/10/2022,6.88,-37.21
1793,MRIDV3L,L,MTCH,14/10/2022,42.88,28,0.716738,14/10/2022,41.46,-40.48
1794,MICROREV,L,IMRA,17/10/2022,3.21,253,1.698854,17/10/2022,3.48,66.61
1795,TMR,L,PRVB,17/10/2022,6.36,85,0.707216,18/10/2022,6.5,11.19
1796,MICROREV,L,WVE,17/10/2022,4.38,186,1.253687,17/10/2022,4.59,37.81
1797,MRIDV3S,S,CELH,18/10/2022,92.89,13,0.770158,18/10/2022,89.33,45.51
1798,MRIDV3S,S,CLFD,18/10/2022,104.13,12,0.767889,18/10/2022,103.26,9.67
1799,MRIDV3S,S,EXLS,18/10/2022,165.36,7,0.724431,18/10/2022,166.37,-7.79
1800,MRIDV3S,S,EYE,18/10/2022,35.01,35,0.708625,18/10/2022,35.38,-13.66
1801,MICROREV,L,PRTK,18/10/2022,3.33,244,1.637415,18/10/2022,3.3,-8.96
1802,MRIDV3S,S,ROAD,18/10/2022,29.31,42,0.713165,18/10/2022,29.48,-7.85
1803,MRIDV3S,S,WING,18/10/2022,127.74,10,0.726067,18/10/2022,124.74,29.27
1804,MICROREV,L,ABUS,19/10/2022,2.13,382,2.553084,19/10/2022,2.11,-10.19
1805,MICROREV,L,ATHA,19/10/2022,3.4,239,1.604354,19/10/2022,3.39,-3.99
1806,MRIDV3S,S,LMT,19/10/2022,444.43,3,0.732037,19/10/2022,439.96,12.68
1807,MICROREV,L,NAT,19/10/2022,3.12,261,1.933838,19/10/2022,3.24,29.39
1808,MICROREV,L,OOMA,19/10/2022,15.49,52,0.735465,19/10/2022,14.94,-29.34
1809,MICROREV,L,PAYA,19/10/2022,6.34,128,0.868937,19/10/2022,6.7,45.21
1810,TMR,L,PRTK,19/10/2022,3.13,173,1.212299,20/10/2022,3.16,3.98
1811,MRIDV3L,L,SFBS,19/10/2022,72.27,17,0.733889,19/10/2022,71.32,-16.88
1812,MICROREV,L,VKTX,19/10/2022,3.69,220,1.477617,19/10/2022,3.55,-32.28
1813,MICROREV,L,ASC,20/10/2022,11.37,71,0.742528,20/10/2022,11.43,3.52
1814,MICROREV,L,AVD,20/10/2022,22.16,37,0.731678,20/10/2022,22.37,7.04
1815,MRIDV3L,L,CMA,20/10/2022,65.72,19,0.734961,20/10/2022,64.76,-18.97
1816,MRIDV3S,S,NFE,20/10/2022,49,25,0.719317,20/10/2022,49.25,-6.97
1817,MRIDV3L,L,RGEN,20/10/2022,167.63,7,0.725328,20/10/2022,170.95,22.51
1818,MICROREV,L,VTNR,20/10/2022,7.64,106,0.72124,20/10/2022,7.38,-28.28
1819,MICROREV,L,BIVI,21/10/2022,3.08,264,1.772233,21/10/2022,3.4,82.71
1820,MRIDV3S,S,DGX,21/10/2022,137.12,9,0.731745,21/10/2022,136.75,2.6
1821,MRIDV3S,S,NUE,21/10/2022,129.43,9,0.73016,21/10/2022,135.56,-55.9
1822,TMR,L,RVPH,21/10/2022,3.33,162,1.135847,24/10/2022,3.33,-1.14
1823,MRIDV3L,L,SNV,21/10/2022,35.84,34,0.739647,21/10/2022,35.85,-0.4
1824,MRIDV3S,S,STLD,21/10/2022,89.19,14,0.723929,21/10/2022,92.92,-52.94
1825,MRIDV3S,S,CAR,24/10/2022,199.26,6,0.747273,24/10/2022,220.83,-130.17
1826,MRIDV3S,S,CCRN,24/10/2022,37.72,32,0.716315,24/10/2022,37.06,20.4
1827,MRIDV3S,S,CVLG,24/10/2022,34.7,35,0.715376,24/10/2022,36.86,-76.32
1828,MRIDV3L,L,FFIN,24/10/2022,37.95,32,0.715693,24/10/2022,36.87,-35.28
1829,TMR,L,PAYO,24/10/2022,6.95,78,0.708004,25/10/2022,7.25,22.69
1830,MRIDV3S,S,SAM,24/10/2022,419.5,3,0.730324,24/10/2022,404.25,45.02
1831,MRIDV3S,S,WOLF,24/10/2022,113.75,11,0.756998,24/10/2022,103.02,117.27
1832,MRIDV3S,S,CAR,25/10/2022,229.84,5,0.724981,25/10/2022,230.75,-5.27
1833,MRIDV3L,L,DORM,25/10/2022,77.85,16,0.721733,25/10/2022,74.07,-61.2
1834,MRIDV3S,S,GFS,25/10/2022,61.07,20,0.721084,25/10/2022,58.42,52.28
1835,MRIDV3S,S,HCA,25/10/2022,216.76,6,0.732277,25/10/2022,214.4,13.43
1836,MRIDV3S,S,CALX,26/10/2022,74.95,6,0.712792,26/10/2022,73.69,6.85
1837,MRIDV3S,S,MSTR,26/10/2022,280.05,4,0.724687,26/10/2022,272.72,28.6
1838,MICROREV,L,ONDS,26/10/2022,4,203,1.365622,26/10/2022,4.02,2.69
1839,MRIDV3S,S,RBLX,26/10/2022,47.41,26,0.737322,26/10/2022,45.5,48.92
1840,MRIDV3L,L,SBSI,26/10/2022,31.28,39,0.714842,26/10/2022,32.2,35.17
1841,MRIDV3S,S,SHLS,26/10/2022,23.78,51,0.709417,26/10/2022,22.76,51.31
1842,MRIDV3S,S,SILK,26/10/2022,47.09,26,0.718932,26/10/2022,45.82,32.3
1843,MRIDV3S,S,ASTE,27/10/2022,41.61,29,0.717418,27/10/2022,41.75,-4.78
1844,MICROREV,L,BNGO,27/10/2022,2.24,363,2.426305,27/10/2022,2.135,-40.54
1845,MRIDV3S,S,FIBK,27/10/2022,44.63,27,0.718119,27/10/2022,44.19,11.16
1846,MRIDV3S,S,FICO,27/10/2022,456.05,3,0.732835,27/10/2022,474.57,-56.29
1847,MRIDV3L,L,GOOGL,27/10/2022,92.5,13,0.723158,27/10/2022,92.22,-4.36
1848,MRIDV3S,S,ROL,27/10/2022,40.71,30,0.738382,27/10/2022,41.02,-10.04
1849,MRIDV3S,S,SAVE,27/10/2022,22.36,55,0.746827,27/10/2022,21.63,39.4
1850,MICROREV,L,STRO,27/10/2022,6.74,121,0.822276,27/10/2022,7.01,31.85
1851,MRIDV3L,L,ZWS,27/10/2022,21.49,57,0.748589,27/10/2022,22.42,52.26
1852,MRIDV3S,S,APPF,28/10/2022,111.17,11,0.765698,28/10/2022,122.49,-125.29
1853,MRIDV3S,S,GVA,28/10/2022,32.49,38,0.741327,28/10/2022,33.21,-28.1
1854,MRIDV3S,S,NOC,28/10/2022,546.42,2,0.7262,28/10/2022,548.11,-4.11
1855,MRIDV3S,S,RJF,28/10/2022,117.24,10,0.730662,28/10/2022,119.24,-20.73
1856,MRIDV3S,S,SCHW,28/10/2022,79.23,15,0.73268,28/10/2022,80.19,-15.13
1857,MRIDV3L,L,ALRM,31/10/2022,58.47,21,0.72419,31/10/2022,58.84,7.05
1858,MRIDV3S,S,GTLS,31/10/2022,219.41,6,0.732641,31/10/2022,222.88,-21.55
1859,MRIDV3S,S,TBBK,31/10/2022,29.31,42,0.719465,31/10/2022,27.58,71.94
1860,MRIDV3S,S,B,01/11/2022,36.46,33,0.738957,01/11/2022,36.34,3.22
1861,MRIDV3S,S,CRS,01/11/2022,38.68,31,0.738203,01/11/2022,38.05,18.79
1862,MRIDV3S,S,HRI,01/11/2022,120.95,10,0.731512,01/11/2022,121.47,-5.93
1863,MRIDV3L,L,RRX,01/11/2022,122.27,10,0.731365,01/11/2022,120.31,-20.33
1864,MRIDV3S,S,VC,01/11/2022,134.37,9,0.726228,01/11/2022,133.96,2.96
1865,MICROREV,L,AKTS,02/11/2022,3.31,245,1.172328,02/11/2022,3.18,-33.02
1866,TMR,L,BOKF,02/11/2022,105.1,5,0.712186,03/11/2022,104.99,-1.26
1867,TMR,L,FENC,02/11/2022,8.27,65,0.70817,03/11/2022,8.2,-5.26
1868,MICROREV,L,FSP,02/11/2022,2.83,287,1.750489,02/11/2022,2.8,-10.36
1869,MICROREV,L,MNTS,02/11/2022,1.41,576,3.926315,02/11/2022,1.37,-26.97
1870,MICROREV,L,NNBR,02/11/2022,2.32,350,2.391552,02/11/2022,2.09,-82.89
1871,MICROREV,L,SOND,02/11/2022,2.15,378,2.583568,02/11/2022,2.17,4.98
1872,MICROREV,L,TKNO,02/11/2022,4.44,183,1.26121,02/11/2022,4.66,39
1873,MICROREV,L,AMAL,03/11/2022,24.23,37,0.712735,03/11/2022,24.03,-8.11
1874,MICROREV,L,CDXC,03/11/2022,1.58,448,3.057185,03/11/2022,1.7,50.7
1875,MRIDV3L,L,CTLT,03/11/2022,41.91,32,0.742035,03/11/2022,42.25,10.14
1876,TMR,L,RAVE,03/11/2022,1.77,338,2.357315,04/11/2022,1.71,-22.64
1877,MRIDV3L,L,ROG,03/11/2022,111.87,12,0.734397,03/11/2022,108.89,-36.49
1878,MRIDV3L,L,SKY,03/11/2022,45.04,30,0.742902,03/11/2022,47.29,66.76
1879,MICROREV,L,ZYXI,03/11/2022,11.78,76,0.704818,03/11/2022,12.08,22.1
1880,MRIDV3S,S,ALB,04/11/2022,285.76,5,0.734884,04/11/2022,284.99,3.12
1881,MICROREV,L,ARAV,04/11/2022,1.67,539,3.679535,04/11/2022,1.81,71.78
1882,TMR,L,ATNM,04/11/2022,11.27,53,0.662334,07/11/2022,10.9,-20.27
1883,MRIDV3S,S,CF,04/11/2022,110.04,12,0.734713,04/11/2022,105.38,55.19
1884,MRIDV3S,S,CRS,04/11/2022,37.66,36,0.743441,04/11/2022,38.77,-40.7
1885,MRIDV3L,L,IRTC,04/11/2022,101.99,13,0.728279,04/11/2022,102.87,10.71
1886,MRIDV3S,S,RCL,04/11/2022,56.35,24,0.792204,04/11/2022,54.7,38.81
1887,MRIDV3L,L,RPD,04/11/2022,27.23,50,0.722376,04/11/2022,28.7,72.78
1888,MRIDV3S,S,TEX,04/11/2022,40.86,33,0.742282,04/11/2022,42.4,-51.56
1889,MRIDV3L,L,ZI,04/11/2022,28.23,48,0.722139,04/11/2022,29.28,49.68
1890,MRIDV3S,S,ACLS,07/11/2022,67.09,20,0.726841,07/11/2022,69.17,-42.33
1891,MICROREV,L,FREQ,07/11/2022,2.28,395,2.700575,07/11/2022,2.26,-10.6
1892,MRIDV3S,S,GDEN,07/11/2022,44.52,30,0.724499,07/11/2022,43.86,19.08
1893,MRIDV3S,S,MTZ,07/11/2022,89.78,15,0.736304,07/11/2022,90.76,-15.44
1894,MICROREV,L,NAT,07/11/2022,3.29,274,2.030975,07/11/2022,3.37,19.89
1895,MICROREV,L,NINE,07/11/2022,6.04,149,1.116719,07/11/2022,6.97,137.45
1896,MRIDV3S,S,SAIA,07/11/2022,216.57,6,0.728951,07/11/2022,218.82,-14.23
1897,MRIDV3S,S,THRM,07/11/2022,67.96,6,0.708532,07/11/2022,67.79,0.31
1898,MICROREV,L,CDXC,08/11/2022,1.83,493,3.365623,08/11/2022,1.82,-8.3
1899,MRIDV3L,L,CLFD,08/11/2022,86.02,16,0.729399,08/11/2022,88.44,37.99
1900,MRIDV3S,S,COOP,08/11/2022,43.63,31,0.724667,08/11/2022,43.31,9.2
1901,MRIDV3S,S,DMRC,08/11/2022,22.73,60,0.718545,08/11/2022,22.87,-9.12
1902,TMR,L,HOOD,08/11/2022,11.29,53,0.708425,09/11/2022,9.575,-91.6
1903,MRIDV3S,S,THS,08/11/2022,48.74,28,0.741006,08/11/2022,47.37,37.62
1904,MRIDV3L,L,VERV,08/11/2022,19.44,70,0.718104,08/11/2022,20.58,79.08
1905,MICROREV,L,WTI,08/11/2022,8.62,105,0.791037,08/11/2022,8.67,4.46
1906,MICROREV,L,TRUE,08/11/2022,1.9,428,4.461896,08/11/2022,1.74,-72.94
1907,MICROREV,L,BLUE,09/11/2022,6.44,140,0.829758,09/11/2022,6.22,-31.63
1908,MICROREV,L,FTK,09/11/2022,1.18,753,7.200138,09/11/2022,1.17,-14.73
1909,TMR,L,GEO,09/11/2022,8.58,69,0.888751,10/11/2022,8.65,3.94
1910,MRIDV3L,L,LITE,09/11/2022,56.68,24,0.7256,09/11/2022,55.25,-35.05
1911,MRIDV3L,L,MSTR,09/11/2022,177.31,8,0.729964,09/11/2022,170.36,-56.33
1912,TMR,L,OLK,09/11/2022,16.63,36,0.711366,10/11/2022,16.22,-15.47
1913,MRIDV3L,L,PAR,09/11/2022,21.64,63,0.750706,09/11/2022,20.38,-80.13
1914,TMR,L,PXS,09/11/2022,4.98,121,0.853145,10/11/2022,5.05,7.62
1915,MICROREV,L,RYAM,09/11/2022,6.84,132,0.874898,09/11/2022,6.2,-85.35
1916,MICROREV,L,SXC,09/11/2022,8.32,109,0.819624,09/11/2022,8.05,-30.25
1917,MRIDV3L,L,VCEL,09/11/2022,20.9,62,0.935134,09/11/2022,17.65,-202.44
1918,MRIDV3S,S,ALE,10/11/2022,59.16,23,0.789864,10/11/2022,61.11,-45.64
1919,MRIDV3S,S,AXON,10/11/2022,182.69,7,0.728259,10/11/2022,182.75,-1.15
1920,MRIDV3S,S,CHGG,10/11/2022,28.1,48,0.747242,10/11/2022,28.49,-19.47
1921,TMR,L,FENC,10/11/2022,7.92,75,0.709004,11/11/2022,8,5.29
1922,MRIDV3L,L,GTLS,10/11/2022,138.63,10,0.73633,10/11/2022,141.99,32.86
1923,MICROREV,L,NM,10/11/2022,2.16,415,3.064518,10/11/2022,2.15,-7.21
1924,MRIDV3S,S,ZD,10/11/2022,85.48,16,0.728314,10/11/2022,86.61,-18.81
1925,TMR,L,ARQQ,11/11/2022,8.28,72,0.709456,14/11/2022,8.48,13.69
1926,MRIDV3S,S,BE,11/11/2022,22.73,59,0.750695,11/11/2022,21.83,52.35
1927,MRIDV3S,S,CROX,11/11/2022,96.02,14,0.728218,11/11/2022,93.24,38.19
1928,MRIDV3L,L,HQY,11/11/2022,63.35,21,0.726744,11/11/2022,64.15,16.07
1929,MICROREV,L,KPTI,11/11/2022,5.45,164,1.111004,11/11/2022,5.66,33.33
1930,MRIDV3L,L,LPLA,11/11/2022,232.09,6,0.730539,11/11/2022,228.13,-24.49
1931,MRIDV3L,L,MATV,11/11/2022,20.19,67,0.752973,11/11/2022,19.78,-28.22
1932,MRIDV3L,L,MCK,11/11/2022,359.6,4,0.734463,11/11/2022,356.21,-14.29
1933,MRIDV3S,S,MEG,11/11/2022,47.8,28,0.740404,11/11/2022,47.9,-3.54
1934,MRIDV3L,L,SI,11/11/2022,27.73,46,0.853152,11/11/2022,34.42,306.89
1935,MRIDV3S,S,TOST,11/11/2022,21.63,63,0.891111,11/11/2022,20.48,71.56
1936,MRIDV3S,S,TXG,11/11/2022,39.56,34,0.723835,11/11/2022,41.3,-59.88
1937,TMR,L,BWXT,14/11/2022,58.64,10,0.717321,15/11/2022,58.98,2.68
1938,MICROREV,L,CPSS,14/11/2022,8.43,107,0.746544,14/11/2022,8.38,-6.1
1939,MRIDV3S,S,ETSY,14/11/2022,120.81,11,0.728526,14/11/2022,119.74,11.04
1940,MRIDV3L,L,GTLS,14/11/2022,126.39,11,0.737143,14/11/2022,131,49.97
1941,MRIDV3L,L,NOC,14/11/2022,480.5,3,0.7346,14/11/2022,481.74,2.99
1942,MICROREV,L,QUOT,14/11/2022,3.27,275,2.037757,14/11/2022,3.27,-2.04
1943,TMR,L,STRL,14/11/2022,31.02,19,0.71279,15/11/2022,31.27,4.04
1944,MRIDV3S,S,AMKR,15/11/2022,27.65,49,0.72076,15/11/2022,28.47,-40.9
1945,MRIDV3L,L,HQY,15/11/2022,61.35,22,0.726467,15/11/2022,61.12,-5.79
1946,MRIDV3S,S,LNW,15/11/2022,63.74,21,0.726547,15/11/2022,64.05,-7.24
1947,MRIDV3S,S,MTRN,15/11/2022,84,16,0.736572,15/11/2022,82.53,22.78
1948,MICROREV,L,VWE,15/11/2022,3.08,292,2.001791,15/11/2022,3.07,-4.92
1949,MRIDV3S,S,WIX,15/11/2022,91.46,15,0.728631,15/11/2022,91.24,2.57
1950,MICROREV,L,BLBD,16/11/2022,11.65,77,0.703306,16/11/2022,11.19,-36.12
1951,MRIDV3L,L,HQY,16/11/2022,59.1,23,0.725819,16/11/2022,57.65,-34.08
1952,MICROREV,L,ORMP,16/11/2022,8,113,0.788017,16/11/2022,8.23,25.2
1953,MICROREV,L,PRPL,16/11/2022,5.18,174,1.200936,16/11/2022,5.1,-15.12
1954,MICROREV,L,RCKT,16/11/2022,19.52,46,0.710893,16/11/2022,19.46,-3.47
1955,MICROREV,L,TACT,16/11/2022,5.65,159,1.100503,16/11/2022,5.95,46.6
1956,MICROREV,L,AKRO,17/11/2022,43.96,20,0.716482,17/11/2022,44.47,9.48
1957,TMR,L,AVDL,17/11/2022,6.96,86,0.708694,18/11/2022,7.21,20.79
1958,TMR,L,ETNB,17/11/2022,8.54,70,0.709336,18/11/2022,8.56,0.69
1959,TMR,L,PRVB,17/11/2022,7.98,75,0.708334,18/11/2022,7.61,-28.46
1960,MICROREV,L,VRDN,17/11/2022,22.18,41,0.712986,17/11/2022,22.89,28.4
1961,MRIDV3S,S,ACLS,18/11/2022,78.72,17,0.72742,18/11/2022,76.59,35.48
1962,TMR,L,AFYA,18/11/2022,15.12,40,0.711729,21/11/2022,15.3,6.49
1963,MRIDV3S,S,ASO,18/11/2022,48.82,28,0.725658,18/11/2022,48.09,19.71
1964,MRIDV3S,S,FL,18/11/2022,37.99,40,0.836513,18/11/2022,35.88,83.56
1965,MRIDV3S,S,HIBB,18/11/2022,65.6,21,0.803041,18/11/2022,66.5,-19.7
1966,MRIDV3S,S,ICHR,18/11/2022,29.52,46,0.887091,18/11/2022,28.49,46.49
1967,MRIDV3S,S,JWN,18/11/2022,21.85,62,0.751997,18/11/2022,21.45,24.05
1968,TMR,L,TBPH,21/11/2022,10.35,58,0.710201,22/11/2022,10.35,-0.71
1969,MRIDV3S,S,FCFS,22/11/2022,95.67,14,0.728106,22/11/2022,96,-5.35
1970,TMR,L,IMCR,22/11/2022,58.55,10,0.713905,23/11/2022,61.53,29.09
1971,TMR,L,NRDS,22/11/2022,12.91,47,0.711421,23/11/2022,13.19,12.45
1972,MRIDV3S,S,NUE,22/11/2022,152.24,9,0.734861,22/11/2022,152.15,0.08
1973,MRIDV3S,S,USFD,22/11/2022,35.71,38,0.744129,22/11/2022,35.97,-10.62
1974,MRIDV3S,S,X,22/11/2022,25.32,53,0.748735,22/11/2022,25.85,-28.84
1975,MICROREV,L,ASC,23/11/2022,14.57,62,0.741518,23/11/2022,14.47,-6.94
1976,MRIDV3S,S,DELL,23/11/2022,44.89,30,0.741254,23/11/2022,44.61,7.66
1977,MRIDV3S,S,EE,23/11/2022,30.94,44,0.746209,23/11/2022,29.14,78.45
1978,MRIDV3S,S,NVDA,23/11/2022,164.5,8,0.728891,23/11/2022,165.19,-6.25
1979,MRIDV3S,S,PI,23/11/2022,123.28,11,0.729148,23/11/2022,121.79,15.66
1980,MICROREV,L,SCHN,23/11/2022,32.89,27,0.715145,23/11/2022,33.27,9.54
1981,MICROREV,L,SCVL,23/11/2022,25.71,35,0.713493,23/11/2022,25.8,2.44
1982,MICROREV,L,THR,23/11/2022,20.25,45,0.736386,23/11/2022,20.4,6.01
1983,MRIDV3S,S,YOU,23/11/2022,32.74,41,0.744784,23/11/2022,31.73,40.67
1984,MICROREV,L,PBYI,25/11/2022,4.37,207,1.424719,25/11/2022,4.26,-24.19
1985,MRIDV3S,S,UNVR,25/11/2022,31.83,43,0.746047,25/11/2022,31,34.94
1986,MICROREV,L,BRY,28/11/2022,8.81,103,1.090167,28/11/2022,8.69,-13.45
1987,MICROREV,L,EGLE,28/11/2022,51.45,18,0.717412,28/11/2022,50.6,-16.02
1988,MICROREV,L,EXPR,28/11/2022,1.32,685,5.044967,28/11/2022,1.3,-18.74
1989,MICROREV,L,HNRG,28/11/2022,8.8,103,0.721631,28/11/2022,9.65,86.83
1990,MICROREV,L,PLX,28/11/2022,1.16,766,6.557392,28/11/2022,1.11,-44.86
1991,MICROREV,L,VNRX,28/11/2022,2.17,417,2.53776,28/11/2022,2.21,14.14
1992,MICROREV,L,VTNR,28/11/2022,8.22,110,0.766493,28/11/2022,7.99,-26.07
1993,TMR,L,MICT,29/11/2022,0.9,670,6.810596,30/11/2022,0.87,-26.91
1994,TMR,L,MRTX,29/11/2022,89.15,7,0.714172,30/11/2022,88.26,-6.94
1995,MRIDV3L,L,PBF,29/11/2022,41.8,32,0.741507,29/11/2022,41.53,-9.38
1996,TMR,L,PRQR,29/11/2022,1.15,524,3.648176,30/11/2022,1.18,12.07
1997,MICROREV,L,COWN,30/11/2022,38.67,23,0.715816,30/11/2022,38.66,-0.95
1998,MICROREV,L,GERN,30/11/2022,2.27,398,2.721632,30/11/2022,2.32,17.18
1999,MRIDV3L,L,ILMN,30/11/2022,203.52,7,0.733932,30/11/2022,218.08,101.19
2000,MRIDV3L,L,PBF,30/11/2022,39.66,34,0.742699,30/11/2022,39.77,3
2001,MRIDV3S,S,PHR,30/11/2022,26.34,51,0.748107,30/11/2022,27.82,-76.23
2002,MRIDV3S,S,BAND,01/12/2022,23.92,57,0.719197,01/12/2022,22.72,67.68
2003,MICROREV,L,CORR,01/12/2022,3.05,296,2.189436,01/12/2022,2.69,-108.75
2004,MRIDV3S,S,DOCS,01/12/2022,35.08,39,0.744714,01/12/2022,34.78,10.96
2005,MRIDV3S,S,FOUR,01/12/2022,47.99,28,0.740525,01/12/2022,49.88,-53.66
2006,MRIDV3S,S,TXG,01/12/2022,39.93,34,0.724124,01/12/2022,39.57,11.52
2007,MRIDV3S,S,U,01/12/2022,40.88,33,0.742297,01/12/2022,40.64,7.18
2008,MICROREV,L,ALLK,02/12/2022,8.16,111,0.7743,02/12/2022,8.32,16.99
2009,MRIDV3L,L,DK,02/12/2022,28.95,47,0.747162,02/12/2022,28.93,-1.69
2010,MRIDV3L,L,GCO,02/12/2022,46.34,29,0.804174,02/12/2022,45.61,-21.97
2011,MICROREV,L,GEO,02/12/2022,11.63,78,0.746671,02/12/2022,11.43,-16.35
2012,MNQ_BO3S,S,MNQ,02/12/2022,11882.75,1,1.14,02/12/2022,11978.5,-192.64
2013,MRIDV3S,S,PRCT,02/12/2022,47.73,28,0.724959,02/12/2022,46.78,25.88
2014,MRIDV3S,S,QDEL,02/12/2022,96.03,14,0.728221,02/12/2022,94.26,24.05
2015,TMR,L,ATEC,05/12/2022,9.89,61,0.709822,06/12/2022,9.72,-11.08
2016,MRIDV3L,L,CAKE,05/12/2022,31.99,42,0.722071,05/12/2022,32.02,0.54
2017,MRIDV3L,L,CBRL,05/12/2022,95.37,14,0.728363,05/12/2022,96.47,14.67
2018,MRIDV3L,L,DINO,05/12/2022,54.85,25,0.738815,05/12/2022,52.49,-59.74
2019,MRIDV3L,L,DK,05/12/2022,28.11,48,0.746351,05/12/2022,27.29,-40.11
2020,MICROREV,L,FTK,05/12/2022,1.21,747,5.500908,05/12/2022,1.26,31.85
2021,MRIDV3L,L,SR,05/12/2022,66.73,20,0.736944,05/12/2022,65.13,-32.74
2022,MICROREV,L,ZVIA,05/12/2022,4.12,219,1.540261,05/12/2022,4.28,33.5
2023,TMR,L,ASUR,06/12/2022,8.19,74,0.698401,07/12/2022,8.36,11.88
2024,MRIDV3L,L,CAR,06/12/2022,190.51,7,0.730084,06/12/2022,194.07,24.19
2025,MICROREV,L,CMTL,06/12/2022,12.19,74,0.704976,06/12/2022,12.24,3
2026,MRIDV3L,L,DINO,06/12/2022,50.78,27,0.741137,06/12/2022,51.29,13.03
2027,TMR,L,GLDG,06/12/2022,1.24,486,2.777912,07/12/2022,1.29,21.52
2028,TMR,L,MRTX,06/12/2022,77.28,7,0.732124,07/12/2022,49.59,-194.56
2029,MRIDV3L,L,NTLA,06/12/2022,39.88,34,0.723384,06/12/2022,38.98,-31.32
2030,MICROREV,L,OUST,06/12/2022,1.31,690,5.081159,06/12/2022,1.26,-39.58
2031,MICROREV,L,PSTX,06/12/2022,4.78,189,1.303297,06/12/2022,4.83,8.15
2032,MRIDV3L,L,SBNY,06/12/2022,121.1,11,0.728035,06/12/2022,118.86,-25.37
2033,MICROREV,L,SNDX,06/12/2022,24.48,37,0.712887,06/12/2022,24.21,-10.7
2034,MICROREV,L,TH,06/12/2022,14.61,62,0.708185,06/12/2022,15.01,24.09
2035,MICROREV,L,VLDR,06/12/2022,1.12,807,5.495386,06/12/2022,1.07,-45.85
2036,MICROREV,L,ACER,07/12/2022,1.53,101,0.689024,07/12/2022,1.61,7.39
2037,TMR,L,ALLK,07/12/2022,7.53,80,0.696929,08/12/2022,7.65,8.9
2038,MRIDV3L,L,CVI,07/12/2022,30.92,44,0.7463,07/12/2022,31.03,4.09
2039,MICROREV,L,GCI,07/12/2022,2.54,356,2.631774,07/12/2022,2.51,-13.31
2040,MRIDV3L,L,GME,07/12/2022,22.17,61,0.751739,07/12/2022,22.26,4.74
2041,MRIDV3L,L,MRTX,07/12/2022,65.41,21,0.719742,07/12/2022,49.59,-332.94
2042,MRIDV3L,L,PGNY,07/12/2022,29.75,44,0.881739,07/12/2022,32.26,109.56
2043,MRIDV3L,L,SBNY,07/12/2022,114.97,12,0.773223,07/12/2022,116.99,23.47
2044,MRIDV3S,S,SIG,07/12/2022,73.05,19,0.738569,07/12/2022,73.78,-14.61
2045,TMR,L,VRNA,07/12/2022,12.55,48,0.703617,08/12/2022,12.43,-6.46
2046,MRIDV3S,S,AMBA,08/12/2022,78.63,17,0.727385,08/12/2022,79.36,-13.14
2047,MRIDV3S,S,BLDR,08/12/2022,67.03,20,0.737814,08/12/2022,66.41,11.66
2048,MRIDV3L,L,CVI,08/12/2022,29.79,45,0.745908,08/12/2022,29.64,-7.5
2049,MES_NDAY,L,MES,08/12/2022,3940,1,1.14,08/12/2022,3964.5,121.36
2050,MNQ_BO1,L,MNQ,08/12/2022,11610.25,1,1.14,08/12/2022,11640.25,58.86
2051,MICROREV,L,SPWH,08/12/2022,9.84,92,0.701658,08/12/2022,10.15,27.82
2052,MICROREV,L,CTLP,09/12/2022,3.98,227,1.560553,09/12/2022,3.91,-17.45
2053,MICROREV,L,EXPR,09/12/2022,1.5,602,4.432852,09/12/2022,1.24,-160.95
2054,MNQ_BO4L,L,MNQ,09/12/2022,11552.25,1,1.14,12/12/2022,11591.75,77.86
2055,MRIDV3S,S,NVDA,09/12/2022,175.67,8,0.730937,09/12/2022,170.01,44.55
2056,MRIDV3S,S,OM,09/12/2022,23.65,57,0.718845,09/12/2022,23.63,0.42
2057,TMR,L,RUSHA,09/12/2022,50.67,12,0.711526,12/12/2022,49.68,-12.59
2058,MRIDV3L,L,SNDX,09/12/2022,20.27,67,0.717442,09/12/2022,20.64,24.07
2059,MRIDV3L,L,CCRN,12/12/2022,29.39,46,0.72148,12/12/2022,29.51,4.8
2060,MRIDV3L,L,CORT,12/12/2022,20.78,65,0.717235,12/12/2022,20.84,3.18
2061,MRIDV3S,S,FOUR,12/12/2022,51.78,26,0.739924,12/12/2022,52.55,-20.76
2062,MRIDV3L,L,MSGE,12/12/2022,39.41,34,0.74312,12/12/2022,40.31,29.86
2063,TMR,L,NRXP,12/12/2022,1.25,482,3.282582,13/12/2022,1.1,-75.58
2064,MICROREV,L,WULF,12/12/2022,0.7,"1,004.00",12.110527,12/12/2022,0.8049,95.22
2065,MRIDV3S,S,AVAV,13/12/2022,90.86,15,0.762175,13/12/2022,90.01,11.99
2066,MICROREV,L,AVTE,13/12/2022,24.84,36,0.714276,13/12/2022,26.3,51.85
2067,MRIDV3S,S,BE,13/12/2022,22.8,60,0.823641,13/12/2022,22.988,-12.1
2068,MRIDV3S,S,CAKE,13/12/2022,35.3,39,0.863861,13/12/2022,33.86,55.3
2069,MRIDV3S,S,CDAY,13/12/2022,71.65,19,0.737959,13/12/2022,69.28,44.29
2070,MRIDV3S,S,EBIX,13/12/2022,22.39,61,0.636021,13/12/2022,22.74,-21.99
2071,MRIDV3S,S,EMBC,13/12/2022,34.44,39,0.810443,13/12/2022,34.68,-10.17
2072,MRIDV3S,S,FLYW,13/12/2022,23.28,59,0.851738,13/12/2022,23.72,-26.81
2073,MRIDV3S,S,FOUR,13/12/2022,54.23,25,0.714811,13/12/2022,54.84,-15.96
2074,MICROREV,L,HARP,13/12/2022,1.22,717,8.407418,13/12/2022,0.8901,-244.95
2075,MRIDV3S,S,HEES,13/12/2022,46.6,29,0.725081,13/12/2022,45.96,17.83
2076,MRIDV3S,S,LAZ,13/12/2022,38.53,35,0.707946,13/12/2022,39.245,-25.73
2077,MRIDV3L,L,MRTX,13/12/2022,36.6,37,0.727935,13/12/2022,41.97,197.96
2078,MRIDV3S,S,PD,13/12/2022,27.02,51,0.810101,13/12/2022,27.685,-34.73
2079,MRIDV3S,S,RCII,13/12/2022,26.1,52,0.837154,13/12/2022,26.34,-13.32
2080,MRIDV3L,L,RIVN,13/12/2022,24.68,55,0.719851,13/12/2022,24.96,14.68
2081,MRIDV3S,S,RYI,13/12/2022,31.84,43,0.840657,13/12/2022,30.64,50.76
2082,MRIDV3S,S,SMAR,13/12/2022,42.34,32,0.780501,13/12/2022,42.13,5.94
2083,MRIDV3S,S,SMCI,13/12/2022,92.5,15,0.782988,13/12/2022,90.01,36.57
2084,MRIDV3S,S,SPLK,13/12/2022,95.43,14,0.738529,13/12/2022,94.61,10.74
2085,MRIDV3S,S,WK,13/12/2022,88.51,15,0.753867,13/12/2022,90.12,-24.9
2086,MRIDV3S,S,XPEL,13/12/2022,66.55,6,0.786794,13/12/2022,66.52,-0.61
2087,MRIDV3S,S,XPEL,13/12/2022,66.55,14,0.0028,13/12/2022,66.56,-0.14
2088,MRIDV3L,L,FBK,14/12/2022,37.47,36,0.742262,14/12/2022,36.23,-45.38
2089,MICROREV,L,GAN,14/12/2022,1.59,568,3.874383,14/12/2022,1.57,-15.23
2090,MNQ_BO4L,L,MNQ,14/12/2022,11889.5,1,1.14,15/12/2022,11701.5,-377.14
2091,MICROREV,L,TDUP,14/12/2022,1.59,568,3.879977,14/12/2022,2,229
2092,MRIDV3S,S,ABM,15/12/2022,45.4,30,0.741604,15/12/2022,44.82,16.66
2093,TMR,L,ASIX,15/12/2022,39.81,15,0.718953,16/12/2022,39.27,-8.82
2094,TMR,L,EH,15/12/2022,7.18,84,0.694393,16/12/2022,6.425,-64.11
2095,MRIDV3L,L,FBK,15/12/2022,34.44,39,0.830416,15/12/2022,34.97,19.84
2096,MRIDV3L,L,FBNC,15/12/2022,42.4,32,0.724076,15/12/2022,41.76,-21.2
2097,TMR,L,GATO,15/12/2022,4,151,1.121232,16/12/2022,3.94,-10.18
2098,MRIDV3L,L,GBCI,15/12/2022,50.52,27,0.740376,15/12/2022,50.06,-13.16
2099,MNQ_BO3S,S,MNQ,15/12/2022,11705.25,1,1.14,15/12/2022,11456.25,496.86
2100,MRIDV3L,L,RNST,15/12/2022,36.84,37,0.723546,15/12/2022,36.79,-2.57
2101,MRIDV3L,L,SFBS,15/12/2022,66.39,20,0.736463,15/12/2022,64.08,-46.94
2102,MRIDV3S,S,SHLS,15/12/2022,28.64,47,0.721,15/12/2022,26.86,82.94
2103,MRIDV3S,S,AGYS,16/12/2022,72.42,19,0.727844,16/12/2022,76.5,-78.25
2104,TMR,L,ALGM,16/12/2022,29.53,20,0.709731,19/12/2022,29.73,3.29
2105,MRIDV3L,L,CAL,16/12/2022,19.64,69,0.754286,16/12/2022,19.62,-2.13
2106,MES_NDAY,L,MES,16/12/2022,3872.25,1,1.14,21/12/2022,3913.25,203.86
2107,MICROREV,L,NVVE,16/12/2022,0.83,"1,089.00",11.00392,16/12/2022,0.85,10.78
2108,MRIDV3L,L,PCRX,16/12/2022,38.18,35,0.723624,16/12/2022,38.44,8.38
2109,TMR,L,SPRY,16/12/2022,7.71,78,0.697394,19/12/2022,7.86,11
2110,MRIDV3L,L,TFIN,16/12/2022,46.77,29,0.724849,16/12/2022,46.25,-15.8
2111,MRIDV3L,L,TRMB,16/12/2022,50.47,27,0.725384,16/12/2022,49.83,-18.01
2112,TMR,L,WNW,16/12/2022,1.55,389,2.654833,19/12/2022,1.73,67.37
2113,MRIDV3L,L,XMTR,16/12/2022,32.96,41,0.722037,16/12/2022,32.53,-18.35
2114,MICROREV,L,AKRO,19/12/2022,37.28,21,0.790141,19/12/2022,38.775,30.6
2115,MICROREV,L,ALT,19/12/2022,10.02,90,0.70186,19/12/2022,10.26,20.9
2116,TMR,L,CHDN,19/12/2022,211.61,3,0.714229,20/12/2022,209.24,-7.82
2117,MRIDV3L,L,HI,19/12/2022,42.84,32,0.742292,19/12/2022,42.6,-8.42
2118,MICROREV,L,HYZN,19/12/2022,1.72,525,3.581798,19/12/2022,1.63,-50.83
2119,TMR,L,IBRX,19/12/2022,5.87,103,0.712527,20/12/2022,5.79,-8.95
2120,MICROREV,L,ICPT,19/12/2022,14.44,63,0.703592,19/12/2022,11.74,-170.8
2121,MRIDV3L,L,KMX,19/12/2022,59.09,23,0.7387,19/12/2022,58.09,-23.74
2122,MICROREV,L,RIGL,19/12/2022,1.22,741,5.049173,19/12/2022,1.26,24.59
2123,MRIDV3S,S,VRTV,19/12/2022,136.78,10,0.735137,19/12/2022,130.34,63.66
2124,MRIDV3S,S,ZEUS,19/12/2022,33.41,41,0.722863,19/12/2022,32.58,33.31
2125,MRIDV3L,L,ZUMZ,19/12/2022,19.68,69,0.71572,19/12/2022,19.23,-31.77
2126,MICROREV,L,BYSI,20/12/2022,1.87,483,3.295917,20/12/2022,1.69,-90.24
2127,TMR,L,GAME,20/12/2022,1.03,585,3.985386,21/12/2022,1.2,95.46
2128,MRIDV3L,L,GPI,20/12/2022,164.07,8,0.733043,20/12/2022,163.15,-8.09
2129,MNQ_BO4L,L,MNQ,20/12/2022,11195,1,1.14,20/12/2022,11194.25,-2.64
2130,TMR,L,PROF,20/12/2022,8.28,73,0.699082,21/12/2022,8.75,33.61
2131,MICROREV,L,TERN,20/12/2022,8.36,108,1.142494,20/12/2022,8.45,8.58
2132,MRIDV3S,S,CRS,21/12/2022,39.46,34,0.742458,21/12/2022,38.82,21.02
2133,MRIDV3S,S,MASI,21/12/2022,148.49,9,0.729138,21/12/2022,146.83,14.21
2134,MRIDV3S,S,OM,21/12/2022,26.96,50,0.720383,21/12/2022,26.41,26.78
2135,MRIDV3L,L,PLL,21/12/2022,45.1,30,0.725674,21/12/2022,46.23,33.17
2136,MES_BOLLINGER,L,MES,22/12/2022,3847.75,1,1.14,22/12/2022,3847.5,-2.39
2137,MICROREV,L,NETI,22/12/2022,9.71,93,0.75199,22/12/2022,9.76,3.9
2138,MRIDV3L,L,RILY,22/12/2022,34,40,0.722176,22/12/2022,33.255,-30.52
2139,MICROREV,L,SB,22/12/2022,2.9,312,2.309143,22/12/2022,2.88,-8.55
2140,TMR,L,VNRX,22/12/2022,2.34,72,0.634714,23/12/2022,2.45,7.29
2141,MICROREV,L,CABA,23/12/2022,8.21,110,0.767727,23/12/2022,8.48,28.93
2142,TMR,L,LRMR,23/12/2022,4.31,140,0.96268,27/12/2022,3.98,-47.16
2143,MNQ_BO4L,L,MNQ,23/12/2022,11069,1,1.14,23/12/2022,11068.75,-1.64
2144,MRIDV3L,L,NTNX,23/12/2022,25.28,50,0.898929,23/12/2022,25.69,19.6
2145,TMR,L,YGMZ,23/12/2022,2.52,231,2.764459,27/12/2022,0.97,-360.81
2146,TMR,L,ACER,27/12/2022,3.29,183,1.252452,28/12/2022,2.57,-133.01
2147,MICROREV,L,HBIO,27/12/2022,2.53,357,2.443389,27/12/2022,2.58,15.41
2148,MRIDV3S,S,HIBB,27/12/2022,67.76,20,0.727148,27/12/2022,68.19,-9.33
2149,MRIDV3S,S,JOE,27/12/2022,39.27,35,0.743539,27/12/2022,39.17,2.76
2150,MNQ_BO3S,S,MNQ,27/12/2022,10955.75,1,1.14,27/12/2022,10913.5,83.36
2151,TMR,L,MRNA,27/12/2022,187.09,3,0.71198,28/12/2022,176.5,-32.48
2152,MRIDV3L,L,TSLA,27/12/2022,116.07,12,0.727855,27/12/2022,109.1,-84.37
2153,MICROREV,L,AMPY,28/12/2022,8.4,108,0.813119,28/12/2022,8.46,5.67
2154,TMR,L,DAO,28/12/2022,5.3,114,0.800719,29/12/2022,5.19,-13.34
2155,MRIDV3L,L,ENPH,28/12/2022,264.37,5,0.730029,28/12/2022,267.38,14.32
2156,TMR,L,GOTU,28/12/2022,2.92,206,1.523258,29/12/2022,2.59,-69.5
2157,MICROREV,L,HLX,28/12/2022,7,129,0.966824,28/12/2022,6.97,-4.84
2158,MRIDV3L,L,LUV,28/12/2022,32.98,41,0.744267,28/12/2022,32.19,-33.13
2159,MES_BOLLINGER,L,MES,28/12/2022,3810.5,1,1.14,29/12/2022,3833.5,113.86
2160,MRIDV3L,L,MSTR,28/12/2022,140.19,10,0.729937,28/12/2022,138.09,-21.73
2161,MRIDV3L,L,PANW,28/12/2022,136.89,10,0.729763,28/12/2022,137.33,3.67
2162,TMR,L,SISI,28/12/2022,2.67,226,1.545035,29/12/2022,2.24,-98.73
2163,MICROREV,L,TUSK,28/12/2022,7.32,123,0.85643,28/12/2022,7.76,53.26
2164,MICROREV,L,UEC,28/12/2022,3.61,250,1.529854,28/12/2022,3.68,15.97
2165,MICROREV,L,WTTR,28/12/2022,8.97,101,0.757447,28/12/2022,8.69,-29.04
2166,TMR,L,EDU,29/12/2022,33.35,18,0.720807,30/12/2022,34.82,25.74
2167,MICROREV,L,VITL,29/12/2022,15.53,58,0.708036,29/12/2022,15.27,-15.79
2168,TMR,L,YQ,29/12/2022,1.58,381,2.602939,30/12/2022,2.04,172.66
2169,MRIDV3S,S,BBW,30/12/2022,23.62,57,0.750155,30/12/2022,23.84,-13.29
2170,TMR,L,MMX,30/12/2022,4.64,128,0.787929,30/12/2022,4.72,9.45
2171,MNQ_BO4L,L,MNQ,30/12/2022,11040.5,1,1.14,30/12/2022,11100.5,118.86
2172,MICROREV,L,SMMT,30/12/2022,4.28,208,1.431554,30/12/2022,4.25,-7.67
